City,Country,Basic lunchtime menu (including a drink) in the business district,Combo meal in fast food restaurant (Big Mac Meal or similar),500 gr (1 lb.) of boneless chicken breast,1 liter (1 qt.) of whole fat milk,"12 eggs, large",1 kg (2 lb.) of tomatoes,500 gr (16 oz.) of local cheese,1 kg (2 lb.) of apples,1 kg (2 lb.) of potatoes,0.5 l (16 oz) domestic beer in the supermarket,"1 bottle of red table wine, good quality",2 liters of Coca-Cola,Bread for 2 people for 1 day,Monthly rent for 85 m2 (900 Sqft) furnished accommodation in EXPENSIVE area,Monthly rent for 85 m2 (900 Sqft) furnished accommodation in NORMAL area,"Utilities 1 month (heating, electricity, gas ...) for 2 people in 85m2 flat",Monthly rent for a 45 m2 (480 Sqft) furnished studio in EXPENSIVE area,Monthly rent for a 45 m2 (480 Sqft) furnished studio in NORMAL area,"Utilities 1 month (heating, electricity, gas ...) for 1 person in 45 m2 (480 Sqft) studio",Internet 8 Mbps (1 month),40” flat screen TV,"Microwave 800/900 Watt (Bosch, Panasonic, LG, Sharp, or equivalent brands)",Laundry detergent (3 l. ~ 100 oz.),Hourly rate for cleaning help,1 pair of jeans (Levis 501 or similar),"1 summer dress in a High Street Store (Zara, H&M or similar retailers)","1 pair of sport shoes (Nike, Adidas, or equivalent brands)",1 pair of men’s leather business shoes,"Volkswagen Golf 1.4 TSI 150 CV (or equivalent), with no extras, new",1 liter (1/4 gallon) of gas,Monthly ticket public transport,"Taxi trip on a business day, basic tariff, 8 km. (5 miles)","Cold medicine for 6 days (Tylenol, Frenadol, Coldrex, or equivalent brands)",1 box of antibiotics (12 doses),Short visit to private Doctor (15 minutes),"1 box of 32 tampons (Tampax, OB, ...)","Deodorant, roll-on (50ml ~ 1.5 oz.)",Hair shampoo 2-in-1 (400 ml ~ 12 oz.),4 rolls of toilet paper,Tube of toothpaste,Standard men's haircut in expat area of the city,Basic dinner out for two in neighborhood pub,2 tickets to the movies,2 tickets to the theater (best available seats),"Dinner for two at an Italian restaurant in the expat area including appetisers, main course, wine and dessert",1 cocktail drink in downtown club,Cappuccino in expat area of the city,1 beer in neighbourhood pub (500ml or 1pt.),iPad Wi-Fi 128GB,1 min. of prepaid mobile tariff (no discounts or plans),1 month of gym membership in business district,1 package of Marlboro cigarettes
Durrës,Albania,0,13,0,0.97,1.35,1.24,2.68,0.56,0.45,0.81,4.49,1.2,0.42,212,120,0,349,337,0,17,0,52,3.93,0,57,36,81,89,0,1.26,9,0,2.42,0,11,0,13,3.62,2.03,2.71,2.56,19,4.92,0,33,7,1.28,1.56,0,0,28,2.09
Korçë,Albania,4.16,1.32,2.13,0.83,1.38,0.79,3.92,0.49,0.39,0.81,4.61,1.22,0.52,204,265,22,364,225,0,7,,471,6,1.5,103,34,67,364,,1.27,95,15,3.97,38,150,3.17,2.06,3.86,1.29,1.92,1.5,19,34,225,449,4.25,1.29,1.47,0,0.15,225,2.05
Vlorë,Albania,7,3.37,2.57,0.9,0.89,3.24,3.18,0.97,0.67,0.57,8,1.4,0.64,187,161,22,131,112,13,20,349,96,17,1.75,28,21,55,32,,0.87,7,0,3.24,0,0,0,1.89,3.41,2.99,1.36,1.87,20,2.74,7,35,1.68,0.92,1.5,0,0.1,45,1.81
'Ain Temouchent,Algeria,0,5.03,1.5,0.64,0.88,0.37,3.65,1.1,0.22,0,3.65,0.66,0.13,0,0,0,0,0,0,0,557,146,4.11,3.65,31,38,37,44,0,0.21,37,0,0,0,0,3.65,3.65,3.65,0,0,0,37,3.65,11,0,0,0,3.65,0,0,51,0
Batna City,Algeria,4.58,4.44,1.26,0.55,1.8,0.49,2.28,1.61,0.43,1.46,29,0.96,0.28,195,129,37,0,0,0,37,262,131,1.64,0,25,26,58,65,,0.22,26,0,0,3.29,11,0,2.74,1.46,1.1,1.1,1.46,5.84,0,0,22,1.1,0.37,0,0,0.07,9,1.83
Béjaïa,Algeria,0,0,0,0,0.95,0,0,1.1,0.73,0,0,0.73,0.15,0,0,0,0,0,0,73,0,0,0,0,22,0,51,0,0,0,0,0,0,0,0,0,0,1.1,0.88,1.31,0,0,1.46,0,0,0,0.22,0,0,0.07,5.84,0.95
Drean,Algeria,0,0,0,0,0,0,0,0,0,0,0,0,0,219,110,0,146,0,0,0,0,0,0,0,0,0,0,0,0,0.29,0,0,0,0,0,0,0,0,0,0,0,0,0,0,0,0,0,0,0,0,0,0
Metlili Chaamba,Algeria,2.51,1.31,1.32,0.36,0.88,0.42,2.19,1.21,0.33,2.19,5.84,1.31,0.17,0,88,28,110,73,0,12,453,183,0,0,11,9,26,18,,0.13,42,2.37,1.17,11,3.65,1.1,1.67,1.1,0.76,1.15,1.46,5.01,2.29,0,18,0,4.38,2.19,584,0.03,0,1.31
Oum el Bouaghi,Algeria,2.19,2.18,1.46,0.73,1.04,0.55,2.55,1.85,0.33,1.02,0,1.13,0.22,183,0,0,146,0,0,0,219,0,0,0,26,15,58,44,0,0.15,0,0,1.17,2.19,3.65,1.17,3.19,2.92,0.88,1.46,0,7,0,0,0,0,1.1,0,0,0,0,2.92
Kuito,Angola,0,0,0,0,0,5.02,0,0,0,0,0,3.01,0,0,0,0,0,0,0,0,0,0,0,0,0,0,0,0,0,0,0,0,0,0,0,0,0,0,0,0,0,0,0,0,0,0,0,0,0,0,0,0
Córdoba,Argentina,5.25,5.71,2.93,0.92,1.4,1.43,3.61,1.7,0.58,1.09,4.95,1.87,0.49,349,267,55,282,258,65,26,490,131,5.21,1.83,70,42,94,124,,0.97,23,4.48,2.13,3.37,10,1.84,2.06,2.09,1.15,1.09,5.38,15,10,23,24,4.09,2.28,2.44,652,0.1,20,2.1
Neuquén,Argentina,5.95,2.9,1.13,0.77,1.08,0.6,2.39,0.49,0.49,0.58,3.22,1.22,0.46,371,432,55,505,351,40,13,283,71,1.31,2.94,45,41,47,33,,0.45,13,5.02,4.23,2.63,22,1.54,1.19,1.34,1.01,0.92,4.51,7,4.56,16,17,1.68,0.97,1.25,944,0.06,19,0.52
Mar del Plata,Argentina,6,4.08,1.1,0.8,1.13,0.57,1.9,0.74,0.38,0.54,2.06,1.44,0.34,353,264,44,301,215,26,17,361,128,4.63,4.17,40,26,58,42,,0.63,14,6,2.04,4.37,18,2.12,1.29,1.48,0.71,0.88,3.63,13,6,14,22,4.23,1.88,2.33,615,0.1,16,0.99
Tucumán,Argentina,4.75,3.51,1.21,0.65,0.89,0.82,2.08,0.92,0.35,0.81,3.93,1.79,0.37,263,209,31,254,216,78,13,354,118,3.48,1.45,49,30,66,46,,0.71,15,4.44,2.2,9,15,3.61,1.63,1.97,0.96,1.04,4.15,10,5.18,17,15,4.38,1.85,1.42,323,0.11,25,1.5
Darwin,Australia,12,8,4.04,0.89,4.76,3.99,6,3.59,2.65,2.7,14,2.75,1.84,,,159,,,192,33,506,146,11,19,80,40,96,98,,0.89,45,12,9,5.24,47,5.23,4.62,3.46,1.92,2.69,16,39,23,84,74,9,3.32,4.14,0,0.75,60,17
Ganja,Azerbaijan,3.72,2.04,2.29,0.58,0.81,0.44,1.23,0.48,0.44,1.12,5.74,0.64,0.24,458,147,32,147,98,35,19,310,74,4.91,2.79,0,0,0,0,0,0.28,0,0,0,0,0,0,0,0,0,0,0,0,3.21,0,0,0,0,0,0,0,0,1.47
Naxcivan,Azerbaijan,0,0,0,0,0,0.88,0,0.49,0.44,0,0,0,0,0,0,0,0,0,0,0,0,0,0,0,0,0,0,0,0,0,0,0,0,0,0,0,0,0,0,0,0,0,0,0,0,0,0,0,0,0,0,0
Kushtia,Bangladesh,0,0,0,0.1,0.4,0,0,0,0,0.1,0,0,0.1,0,0,0,0,0,0,0,0,0,0,0,0,0,0,0,0,0,0,0,0,0,0,0,0,0,0.2,0,0,0,0,0,0,0,0,1.01,0,0,0,0
Moulvi Bazar,Bangladesh,1.01,1.52,2.02,0.61,1.21,0.81,4.04,1.01,0.2,0,0,0.81,0.45,0,0,0,0,0,0,0,0,0,0,0,0,0,0,0,0,0,0,0,0,0,0,0,0,0,0,0,0,0,0,0,0,0,0,0,0,0,0,0
Ghent,Belgium,21,8,5.06,1.01,3.16,2.41,5.54,1.63,1.45,1.56,7,2.36,1.19,,792,131,689,523,93,33,399,108,11,10,69,32,93,119,,1.36,44,0,7,9,25,4.75,3.7,3.43,1.29,2.52,21,33,22,40,62,8,2.95,4.16,490,0.24,56,5.57
Santa Cruz de la Sierra,Bolivia,4.03,4.93,1.81,0.87,1.53,0.88,2.66,1.72,0.73,1.35,7,1.13,0.51,640,441,51,530,338,33,42,523,150,7,2.02,57,52,79,83,,0.45,23,5.44,7,5,26,2.75,2.65,3.52,2,1.6,7,21,11,13,36,4.15,2.34,2.9,510,0.19,44,1.71
Potosí,Bolivia,2.13,7,2.43,0.43,1.46,1.46,2.43,1.64,3.04,2.19,3.04,1.4,0.61,243,183,0,0,0,0,61,183,61,5.48,0,55,49,55,49,0,0.46,12,9,3.35,3.04,18,0,3.8,5.48,1.46,1.46,1.46,0,7,0,18,5.48,2.43,0,0,0.19,25,2.56
Tarija,Bolivia,3.19,4.75,1.83,0.61,1.53,1.1,1.83,1.22,1.52,1.84,4.69,1.28,0.73,374,243,27,250,167,28,19,362,195,5.81,1.1,43,21,70,43,,0.45,7,0,0,0,15,4.87,3.8,3.15,1.57,1.4,2.74,7,9,10,17,3.65,1.61,3.7,243,0.12,30,1.83
Sarajevo,Bosnia and Herzegovina,7,4.21,2.18,0.79,2.48,1.24,4.4,0.83,0.46,0.66,7,1.27,0.57,507,293,153,246,195,103,12,309,83,4.96,3.44,67,34,71,79,,0.97,26,6,5.28,5.68,23,3.55,2.57,2.13,1.01,1.56,3.79,14,7,12,30,4.46,1.57,1.57,650,0.1,31,2.63
Mostar,Bosnia and Herzegovina,5.7,3.55,2.89,0.96,2.08,1.3,3.71,1.19,1.04,0.9,6,1.38,0.6,287,225,78,177,139,47,14,424,75,6,3.92,67,33,77,70,,1.13,25,5.53,5.97,7,19,2.85,3.22,3.22,0.78,1.86,4.48,14,9,13,22,3.14,1.17,1.37,0,0.11,24,2.3
Tuzla,Bosnia and Herzegovina,7,3.17,2.64,0.76,1.73,1.08,2.39,0.76,0.56,1.05,6,1.28,0.59,265,169,111,218,146,73,10,398,90,5.98,4.54,50,31,76,90,,0.97,23,7,6,4.88,20,2.7,3.33,2.78,0.83,1.74,3.91,14,5.32,12,34,3.9,1.33,1.36,620,0.12,20,2.61
Banja Luka,Bosnia and Herzegovina,11,3,2.17,0.72,1.89,1.12,3.4,0.84,0.72,0.5,8,1.25,0.48,366,243,109,243,155,78,15,602,78,4.98,3.1,58,25,66,77,,0.95,21,6,5.46,3.33,15,3.58,3.26,2.64,0.78,1.55,3.43,13,4.25,8,19,3.06,1.01,1.25,561,0.1,22,2.52
Francistown,Botswana,9,6,0.76,0.25,0.68,0,0,0,0,0,0,1.61,1.02,847,508,169,0,0,0,0,508,127,0,0.95,0,0,169,0,,0.85,0,0,2.97,10,25,0,0,5.93,0,0,13,30,0,0,42,0,0,0,0,0.11,25,0
Rio de Janeiro,Brazil,8,7,1.76,0.96,1.9,1.22,4.28,1.7,0.92,1.19,10,1.71,0.92,,694,201,712,464,188,22,457,103,6,4.59,60,47,85,65,,1.06,52,5.96,5.81,13,72,5.94,3.03,4.07,1.43,0.94,10,31,14,41,51,7,1.97,3,842,0.37,43,2.1
São Paulo,Brazil,9,7,2.14,0.88,2.16,1.38,4.52,1.75,1.05,1.19,10,1.7,0.85,974,645,252,758,456,126,19,475,114,5.65,4.45,56,46,88,65,,0.92,51,11,4.81,12,66,5.17,3.31,3.71,1.56,1.04,10,29,15,54,52,7,2.45,3.27,717,0.31,52,2.27
Brasília,Brazil,8,7,1.75,0.87,1.85,1.14,4.32,1.54,0.92,1.29,10,1.59,0.81,890,624,139,548,306,203,26,440,107,6,4.25,49,42,87,65,,0.98,49,7,3.64,14,53,2.63,3.17,3.26,1.75,1.01,9,30,13,38,50,5.58,2.19,2.48,694,0.27,43,2.36
São Bernardo do Campo,Brazil,8,7,2.39,0.79,1.98,1.71,4.35,1.75,1.25,1.02,9,1.67,1.06,534,383,116,404,254,89,24,479,122,3.78,4.21,54,41,104,57,,0.86,48,8,5,23,78,4.71,2.63,3.49,1.71,0.98,9,24,12,36,49,6,2.96,2.18,,0.3,35,1.82
"Santos, Sao Paulo",Brazil,8,7,1.75,0.82,1.64,1.15,4.2,1.53,1.01,1.2,10,1.81,0.8,690,467,111,546,355,100,18,476,101,4.83,4.45,37,46,77,53,,0.93,45,12,7,14,67,3.79,3.41,3.42,1.41,1.15,8,24,11,47,40,5.58,1.81,2.6,866,0.35,35,1.86
Divinopolis,Brazil,6,5.99,3.15,0.93,1.44,1.39,4.56,1.26,1.01,1.24,22,1.6,0.97,328,259,228,233,181,78,35,559,120,5.7,3.61,57,74,87,98,,0.94,41,13,8,5.32,67,3.46,3.26,4.9,1.65,1.41,6,16,10,8,35,2.75,1.84,2.08,809,0,22,3.1
Goiânia,Brazil,6,6,1.52,0.79,1.59,1.34,3.4,1.64,0.95,1.12,11,1.63,0.73,587,363,80,477,293,92,27,533,108,6,3.72,54,35,98,67,,1.04,50,7,4.06,12,63,3.2,3.36,3.17,1.25,0.83,5.93,26,11,49,53,6,2.45,2.22,890,0.33,39,1.98
São José dos Campos,Brazil,7,7,1.84,0.98,2.24,1.38,4.59,1.47,1.06,1.08,10,1.75,0.82,681,417,91,397,252,53,20,426,98,5.44,3.56,64,55,91,69,,0.92,45,8,3.86,8,46,6,2.58,3.58,1.47,0.92,9,24,11,23,45,7,2.71,2.77,818,0.34,46,2.14
Niterói,Brazil,7,6,1.37,1.01,1.46,1.28,3.77,1.59,0.91,1.09,10,1.49,0.99,611,498,72,432,297,39,19,409,101,5.37,4.53,47,50,91,65,,1.04,57,5.37,4.07,10,52,3.95,2.71,2.86,1.32,0.87,9,20,12,37,36,5.07,1.67,2.09,813,0.39,30,1.86
Caxias do Sul,Brazil,7,5.95,2.27,0.79,2.08,1.24,3.88,1.08,0.7,1.1,6,1.47,0.92,478,312,92,251,189,52,22,418,96,4.29,2.64,57,39,85,64,,1.04,44,12,3.48,9,53,4.77,2.97,2.92,1.12,0.82,7,21,12,43,38,4.41,1.64,2.24,890,0.52,32,1.92
Santa Bárbara d'Oeste,Brazil,7,7,2.73,0.83,2.79,1.22,8,1.63,1.18,1.17,9,1.76,0.57,378,270,138,273,219,150,22,423,164,6,4.52,50,60,125,60,,0.9,30,21,7,8,55,7,3.66,8,3.65,1.76,11,23,12,17,38,11,5.89,2.45,776,0.31,31,2.44
Belém,Brazil,5.47,6,2.29,0.98,2.43,1.21,3.2,1.75,1,1.12,10,1.57,0.78,636,348,124,483,305,91,22,451,108,4.08,2.71,33,44,62,66,,1.02,40,8,3.89,9,51,2.28,2.34,3.21,1.05,0.84,6,21,12,30,38,4.58,1.49,2.09,772,0.3,47,2.37
Ribeirão Preto,Brazil,7,7,1.52,0.91,1.53,1.19,3.42,1.5,0.87,1.07,10,1.44,0.7,622,365,82,391,224,45,18,395,102,5.71,3.49,54,63,87,55,,0.96,40,5.67,3.6,11,69,3.74,2.39,3.17,1.49,0.89,9,25,11,45,51,4.94,1.93,2.68,905,0.32,48,1.52
Santo André,Brazil,7,7,1.97,0.83,1.9,1.69,3.58,1.65,1.27,1.2,7,1.64,0.81,707,454,81,466,248,53,23,452,92,3.81,3.27,47,45,78,48,,0.86,43,10,3.32,16,41,4.52,2.72,3.61,1.22,0.79,5.9,23,13,31,42,5.06,1.72,2.18,652,0.28,26,2.05
Itajuba,Brazil,4.9,5.31,1.99,0.66,2.03,1.1,3.84,1.2,0.82,1.09,8,1.9,0.69,382,212,46,361,194,58,30,388,98,4.39,2.59,54,91,96,74,,1.03,52,15,8,7,60,4.5,2.44,3.53,1.33,0.82,5.62,16,8,16,21,5.92,1.98,2.95,746,0.21,20,1.9
Vitória,Brazil,7,6,1.69,0.8,1.9,1.32,3.82,1.85,1.09,0.93,10,1.48,0.98,526,312,74,296,209,40,21,402,103,5.47,3.23,39,55,74,66,,0.97,40,8,4.49,8,41,2.9,2.92,3,1.24,1.17,7,23,12,27,40,4.33,1.73,1.82,757,0.31,34,1.95
Blumenau,Brazil,5.24,5.91,2.38,0.73,1.88,1.04,3.42,1.28,0.86,1.34,9,1.48,0.93,549,351,60,256,194,59,26,460,91,3.35,3.59,36,38,67,54,,0.92,45,12,3.63,11,59,4.61,3.62,2.73,1.13,0.77,6,24,11,23,37,4.2,1.47,2.65,609,0.26,33,1.9
João Pessoa,Brazil,7,5.87,1.77,0.94,1.75,1.02,3.62,1.73,1.16,1.1,11,1.52,0.68,678,354,50,412,226,37,22,431,103,5.24,2.45,52,32,69,52,,0.98,34,7,3.53,9,41,2.87,2.66,2.66,1.21,0.99,8,16,11,25,39,3.56,2.14,2.06,914,0.37,25,1.85
Cuiabá,Brazil,7,5.85,1.49,0.73,1.51,1.42,2.93,1.38,1.04,1.39,9,1.33,0.76,470,305,112,348,266,81,24,426,92,5.71,2.76,57,39,83,52,,0.87,38,7,5.34,14,70,2.96,3.1,3.15,1.17,0.99,7,17,9,34,46,4.37,2.31,1.92,962,0.25,32,1.76
São Luís,Brazil,5.73,5.61,1.66,0.9,1.6,0.95,2.77,1.36,1.03,1.06,10,1.47,0.67,788,484,92,432,270,60,19,494,105,3.18,3,46,33,72,66,,0.91,33,9,5.14,8,45,2.41,2.46,2.37,1.05,0.95,8,23,12,29,49,3.32,2.49,2.31,840,0.25,43,2.23
São Carlos,Brazil,5.98,6,1.61,0.72,1.5,1.1,3,1.35,0.77,0.98,8,1.57,0.82,473,284,54,267,230,25,25,401,91,4.8,3.17,56,35,81,56,,0.94,32,6,4.04,10,57,6,2.51,2.16,1.23,0.85,6,17,7,24,35,3.49,1.45,2.64,854,0.3,21,1.81
Juiz de Fora,Brazil,5.23,5.18,1.18,0.57,1.47,1.2,2.97,1.09,0.71,0.91,8,1.41,0.65,410,268,54,275,217,52,20,425,99,3.96,3.08,46,31,89,58,,0.91,31,5.96,3.16,7,37,2.2,2.07,2.67,1.36,0.62,7,19,8,28,40,4.14,1.27,1.78,967,0.31,27,1.55
Maringá,Brazil,5.16,7,1.38,0.6,1.46,1.1,2.64,1.16,0.86,1.06,7,1.37,0.74,390,277,71,265,159,52,17,496,89,3.24,2.62,41,29,73,56,,0.94,36,5.51,2.91,8,51,1.73,2.45,2.56,1.33,0.83,4.98,14,9,18,31,3.73,1.99,1.6,845,0.3,27,1.88
Foz do Iguaçu,Brazil,4.63,4.79,1.35,0.63,1.32,1.06,2.35,1.28,0.96,0.73,10,1.36,0.53,401,274,71,268,213,75,19,457,97,4.27,3,41,42,78,60,,0.93,38,8,4.4,10,48,4.68,2.36,4.13,1.08,0.9,5.96,16,9,14,38,3.58,1.61,1.83,617,0.13,26,1.87
Vratsa,Bulgaria,6,4.09,3.07,0.82,2.05,1.02,1.99,0.51,0.85,0.4,4.09,0.75,0.41,153,112,153,,153,153,8,239,77,1.02,5.11,26,26,56,46,,0.99,6,0,2.56,10,10,5.11,8,1.02,4.09,1.53,2.05,20,4.09,9,13,10,1.53,0.89,205,0.14,46,2.66
"St. John's, NL",Canada,14,7,5.11,1.87,3.31,3.27,5.55,2.86,1.55,2.78,11,1.41,1.75,,782,170,694,513,111,50,355,108,6,15,35,33,72,68,,0.9,48,7,7,12,28,4.99,3.22,2.97,1.63,1.72,13,43,17,70,70,5.57,3.32,4.42,447,0.26,36,9
"London, Ontario",Canada,10,6,5.6,2.05,2.41,2.31,5.93,2.05,2,1.78,10,1.49,1.18,,746,136,659,468,57,34,279,120,8,15,44,30,78,73,,0.74,53,20,6,11,31,5.08,3.03,3.14,1.52,1.58,12,34,17,58,50,5.52,2.86,4.08,433,0.24,32,7
Kitchener-Waterloo,Canada,10,5.83,3.25,0.91,2.31,1.54,3.43,1.74,1.04,1.99,9,1.49,1.69,989,821,99,664,551,66,35,317,86,5.34,16,36,27,61,79,,0.73,54,15,9,30,28,5.87,4.16,3.36,2.06,2.35,14,36,17,97,39,7,2.21,5.28,720,0.13,31,9
"Brandon, Manitoba",Canada,12,8,4.44,1.16,2.96,4.61,7,2.86,1.78,3.32,11,1.41,1.75,894,668,44,535,502,24,40,345,90,5.03,10,34,40,61,63,,0.7,49,9,4.71,7,0,6,0.76,1.35,1.02,0.84,10,27,17,44,34,3.03,2.65,3.04,248,0,28,11
Grand Cayman,Cayman Islands,16,9,5.38,1.98,5.88,4.87,9,6,3.56,3.43,25,3.01,2.51,,,295,,,244,83,439,189,14,12,77,78,132,161,,1,88,23,8,21,125,8,5.5,5.68,3.71,3.76,26,70,23,70,130,11,4.99,5.32,619,0.31,56,10
Calama,Chile,8,0,0,0,0,0,0,0,0,0,0,0,0,,0,0,0,0,0,0,0,0,0,0,44,0,0,0,,1.1,40,0,0,0,0,0,3.45,0,0,0,0,0,0,0,0,0,0,0,0,0.46,0,3.17
Copiapó,Chile,5.57,4.44,2.33,1.09,6,2.76,2.76,2.07,3.58,0.55,6,1.7,2.35,905,492,117,595,404,77,19,331,69,17,0,53,28,60,59,0,1.1,0,0,1.79,0,22,0,3.06,2.35,2.76,1.57,7,0,4.14,0,0,0,1.1,3.45,414,0,21,1.93
Curicó,Chile,10,2.76,0,0.9,2.21,0.83,4.14,0,0,1.66,5.52,1.79,0.69,828,0,55,414,276,41,0,0,0,0,0,0,0,55,83,0,1.24,0,0,0,0,0,0,3.45,3.45,0,0,0,14,11,14,19,4.83,2.07,0,0,0,48,0
Punta Arenas,Chile,6,5.43,3.04,1.07,4.44,1.86,5.13,1.48,1.51,1.09,7,2.07,0.74,764,,121,615,323,131,41,397,57,9,2.01,48,28,53,73,,1.08,81,13,8,12,48,6,4.13,4.75,3.1,2.75,10,25,10,21,55,9,2.76,2.83,0,0.29,44,3.93
San Felipe,Chile,4.83,4.12,5.52,0.97,1.38,0.41,3.45,0.69,0.69,0.69,4.14,2.76,0.83,690,0,90,0,0,0,34,414,69,4.14,2.76,55,55,41,55,,1.38,25,0,1.38,0,0,4.14,2.35,2.76,2.07,2.21,2.07,8,8,14,34,1.38,1.66,2.76,0,0.28,22,2.76
Vina Causino,Chile,6,8,4.79,1.57,5.52,1.38,12,1.92,1.93,1.86,8,2.26,1.52,,727,111,680,485,76,38,462,120,8,14,97,41,88,123,,1.14,48,0,5.91,0,66,5.85,4.31,4.79,2.41,4.09,15,34,19,156,55,7,2.81,3.31,0,0.45,62,4.28
Qingdao,China,5.82,3.55,1.61,1.85,1.59,1.13,7,1.46,1.03,0.6,11,1,1.07,519,341,41,391,281,41,17,546,54,8,4.31,58,35,64,70,,0.88,8,3.1,3.45,4.48,8,4.39,4.73,4.79,1.13,1.5,3.98,11,13,51,55,5.76,3.62,2.15,361,0.04,45,2.53
Fushun,China,6,3.2,0.9,2.3,1.28,0.77,0,1.28,0.77,0.64,13,0.77,1.54,205,128,26,128,102,13,8,384,192,3.84,2.56,83,64,102,77,,0.77,0,2.27,3.84,2.56,0,8,4.8,3.84,1.28,1.28,1.92,10,10,38,38,6,2.56,2.56,0,0.03,38,2.81
Dezhou,China,5.12,3.84,1.28,1.92,1.02,0.77,6,1.54,0.9,0.51,13,0.83,0.64,154,109,15,102,64,0,0,352,64,5.12,3.2,51,38,77,102,,0.9,15,2.34,3.84,3.84,10,3.84,4,3.2,1.28,1.28,6,13,10,51,64,10,3.2,3.2,384,0.03,32,2.56
Bogotá,Colombia,3.88,4.64,2.07,0.77,1.36,0.79,2.11,1.52,0.62,0.78,10,1.16,0.63,862,455,123,568,298,76,19,393,76,5.45,1.7,51,51,70,65,,0.76,32,4.52,3.27,4.89,24,4.51,3.57,4,1.87,1.15,3.98,16,7,28,31,5.84,1.59,2.21,503,0.07,40,1.26
Medellín,Colombia,4.05,4.46,2.49,0.71,1.8,0.8,2.21,1.05,0.76,0.74,11,1.27,0.66,658,425,130,549,288,133,22,355,94,5.78,2.11,49,28,73,67,,0.64,27,3.76,3.75,3.33,30,4.58,3.48,3.39,2.01,1.25,4.62,13,8,34,26,4.38,1.92,1.66,465,0.07,29,1.16
Santiago de Cali,Colombia,2.66,4.2,1.85,0.69,1.35,0.67,1.77,1.26,0.43,0.81,8,1.11,0.57,345,224,56,242,161,28,19,405,72,4.88,1.96,46,38,73,51,,0.68,30,8,3.98,6,24,5.44,3.4,3.43,1.35,1.38,3.62,11,5.58,32,24,4.76,1.45,1.05,641,0.06,27,1.2
Girardot,Colombia,2.58,4.31,1.08,1.09,1.44,0.72,2.59,1.44,0.34,0.52,4.31,1.58,0.72,345,230,14,302,115,14,34,378,92,7,1.26,72,34,57,34,,0.67,29,7,9,5.75,11,2.16,2.87,3.45,0.57,1.72,2.87,5.75,9,7,17,2.3,1.01,1.44,0,0.05,11,0
Limón,Costa Rica,0,0,0,2.07,2.22,1.18,4.77,3.33,1.33,1.33,0,0,0,813,0,347,0,0,0,62,0,0,0,2.07,74,0,0,0,0,1.01,0,0,0,0,37,0,0,0,0,0,0,0,0,0,0,0,0,1.77,0,0.12,0,0
Kyrenia,Cyprus,8,7,2.81,0.93,2.43,1.02,4.6,1.69,1,1.07,6,1.09,0.51,682,552,200,529,455,89,30,426,292,5.83,13,50,40,63,62,,0.99,48,9,4,20,150,5,5,3,6,4,10,29,9,12,37,8,3.87,3.43,0,0,67,3.15
Aarhus,Denmark,14,9,4.37,1.05,4.02,2.77,7,2.29,1.36,1.41,13,2.4,1.53,,,159,787,561,87,24,516,108,9,19,110,35,111,135,,1.33,52,21,7,18,58,4.86,4.55,4.52,2.39,2.48,30,48,25,103,80,12,5.01,5.38,521,0.13,33,5.77
Baní,Dominican Republic,0,0,1.76,0.08,0,0,0,0,0,0.09,0,0,0,0,0,0,0,0,0,0,0,0,0,0,0,0,0,0,0,0.09,0,0,0,0,0,0,0,0,0,0,0,0,0,0,0,0,0,0,0,0,0,0
Juan Dolio,Dominican Republic,3.52,3.52,0,0,0,0,0,0,0,1.76,0,0,0,879,176,67,0,0,0,26,0,0,0,0,0,0,0,0,0,0.9,0,0,0,0,0,0,0,0,0,0,0,23,9,70,44,0,0,0,0,0,0,0
Las Guaranas,Dominican Republic,1.76,1.76,0.88,0.88,1.05,0.88,0.88,3.52,0,0,0,1.23,0.53,149,0,26,0,0,0,14,0,70,0.7,0,0,5.27,26,14,,0.97,18,0,9,0,0,0,0.53,1.76,1.76,0.53,1.76,3.52,1.76,0,0,0.88,0.53,0.7,0,0.12,11,1.76
Salvaleón de Higüey,Dominican Republic,2.64,4.39,1.55,0.97,1.27,1.16,2.91,2.64,0.78,1.41,4.39,1.41,0.48,211,176,18,264,211,88,14,264,105,8,0.88,12,18,26,21,0,3.52,0,0,2.64,1.76,9,2.64,2.2,1.76,1.41,1.76,3.52,3.52,4.39,5.27,26,3.52,1.41,1.41,0,0.02,9,2.64
Santiago de los Caballeros,Dominican Republic,5.64,4.61,2.07,0.92,1.41,1.26,2.27,1.54,1.25,1.39,7,1.09,0.87,726,435,131,254,166,63,37,563,114,4.46,2.22,42,36,48,43,,0.98,17,19,5.01,2.22,24,5.53,2.07,3.19,1.43,1.9,3.52,16,7,24,32,5.53,1.44,2.01,380,0.14,24,1.67
Arba Minch',Ethiopia,15,0,3.07,1.53,1.84,0.86,6,3.07,1.53,0.92,8,1.23,0.61,156,0,0,0,0,15,15,921,0,0,0,18,15,37,0,0,0.99,61,0,6,0,0,0,0,0,0,0,0,15,0,0,0,0,0,0,0,0,0,0
Dire Dawa,Ethiopia,4.6,0,6,1.23,1.53,0.61,2.46,2.3,0.46,0.46,2.46,1.84,0.18,153,92,9,46,0,9,0,368,0,1.07,1.53,17,0,61,46,0,0,0,0,0,0,0,0,0,0,0,0,0,0,0,0,0,0,0,0,0,0,0,0
Harar,Ethiopia,1.38,0,0,0,0,0,0,0,0,0,0,0,0,68,0,0,0,0,0,0,0,0,0,0,0,0,0,0,0,0,0,0,0,0,0,0,0,0,0,0,0,0,0,0,0,0,0,0,0,0,0,0
Jima,Ethiopia,1.38,0,2,0,0.74,0,1.23,0,0.31,0.37,2.15,0.74,0.18,0,0,0,0,0,0,0,0,0,0,0,0,0,0,0,0,0,0,0,0,0,0,0,0,0,0,0,0,0,0,0,0,0,0,0,0,0,0,0
Shashamane,Ethiopia,3.07,3.07,1.53,1.53,3.07,0.61,0,0,0,0,0,0,0,0,0,0,0,0,0,0,0,0,0,0,0,0,0,0,0,0,0,0,0,0,0,0,0,0,0,0,0,0,0,0,0,0,0,0,0,0,0,0
Jyväskylä,Finland,10,7,4.83,1.08,2.56,2.82,4.64,2.6,1.25,2,11,3.89,1.18,,940,83,774,656,146,17,467,172,10,30,80,28,100,120,,1.52,62,0,5.15,4,58,5.16,3.29,3,1.7,2.29,27,45,23,33,73,8,3,5.57,0,0.07,45,5.57
Beauvais,France,12,8,3.6,0.89,3.34,1.99,4.05,1.89,2.68,3.68,6,1.74,1.05,840,630,120,478,345,70,26,349,116,12,13,109,38,67,80,,1.33,16,0,0,0,0,2.43,0,3.77,1.85,0.94,24,39,21,46,48,8,3.6,4.6,0,0,19,0
Batumi,Georgia,4.18,4.24,2.1,1.23,1.24,0.82,2.39,0.92,1.01,0.68,8,0.86,0.37,309,163,67,113,162,60,10,421,85,3.64,2.59,55,25,78,49,,0.64,10,0,3.3,8,0,0.97,2.46,3.02,1.64,0.89,1.96,12,5.45,8,27,4.86,1.41,0.92,0,0.03,38,0.91
Frankfurt am Main,Germany,13,7,3.68,1.06,2.53,2.46,4.78,2.28,1.72,0.9,5.33,1.75,1.3,,,163,953,779,104,28,421,89,5.35,12,91,36,94,131,,1.41,86,18,8,7,58,3.57,2.53,2.62,1.41,1.59,22,35,21,96,55,10,3.1,3.83,508,0.09,54,6
Düsseldorf,Germany,14,8,3.6,0.95,2.31,3.47,7,2.33,1.91,0.89,5.94,2.11,1.31,,,212,830,735,113,29,388,132,6,13,85,42,81,117,,1.33,72,20,7,10,65,3.39,2.4,2.21,1.31,1.32,23,38,21,121,48,9,3.32,3.48,551,0.14,39,5.39
Puerto Barrios,Guatemala,2.85,1.71,0,0,0,0,0,0,0,0,0,0,0,0,0,0,0,0,0,0,0,0,0,0,0,0,0,0,0,0,0,0,0,0,0,0,0,0,0,0,0,0,0,0,0,0,0,0,0,0,0,0
Comayagua,Honduras,2.84,3.55,0,0,0,0,0,0,0,1.42,7,1.07,0,213,0,53,0,0,0,82,0,0,0,0,0,9,0,0,0,0.73,0,0,0,0,0,0,0,0,0,0,1.78,9,0,0,0,0,1.78,0,0,0,0,1.07
Coxen Hole,Honduras,9,3.96,3.55,1.42,0.71,0.71,0.89,1.42,2.13,0.95,3.73,3.55,0.44,501,0,98,0,0,47,23,568,146,9,1.6,23,7,71,23,0,0.85,16,0,1.24,2.84,3.55,1.24,1.24,3.46,2.31,2.13,4.97,12,8,0,21,1.78,1.31,1.24,0,0.18,23,2.93
Hong Kong,Hong Kong,10,3.95,4.09,2.63,3.8,3.1,9,3.19,2.05,1.51,16,1.8,1.64,,,155,,,91,20,578,131,8,7,60,30,76,111,,1.59,55,7,5.81,9,33,4.77,4.1,5.17,1.51,2.28,25,38,21,156,98,12,4.86,8,371,0.11,78,6
Kowloon,Hong Kong,10,3.65,2.53,2.38,3.93,2.25,8,3.28,1.26,1.51,9,1.68,1.64,,,122,,,78,20,694,107,5.45,7,39,31,49,66,,1.63,59,15,4.79,7,32,0,5.15,5.98,2.1,2.59,19,34,19,44,87,11,3.45,5.98,0,0.27,52,5.84
Pécs,Hungary,3.33,4.59,2.46,0.67,1.66,1.56,4.02,0.94,0.54,0.77,4.13,1.21,0.32,352,222,118,253,153,105,11,357,57,9,5.26,68,29,69,63,,1.24,22,10,5.28,7,28,2.3,2.58,2.57,1.35,1.3,5.5,14,9,18,24,3.83,1.42,1.3,702,0.1,23,3.2
Dindigul,India,9,4.98,0.95,0.53,0.66,0.48,2.55,1.58,0.49,1.49,7,0.69,0.36,208,116,62,302,180,125,8,656,166,6,2.76,21,23,60,23,,0.92,13,0,2.38,2.39,4.61,2.83,2.58,2.74,1.07,0.64,1.84,7,3.95,5,6,13,8,1.97,295,1.14,15,3.22
Lucknow,India,3.97,3.47,2.73,0.65,1.1,0.47,2.03,1.78,0.24,1.72,14,1.04,0.29,313,194,59,208,175,34,13,493,181,5.87,1.57,36,34,60,37,,0.96,14,1.65,1.37,3.95,5.67,3.04,2.47,3.17,2.15,1.01,3.07,11,5.82,11,26,5.66,2.68,2.63,566,0.37,37,2.67
Nagercoil,India,3.95,2.78,0.92,0.73,0.79,0.24,2.63,2.63,0.29,1.58,1.97,0.79,0.33,111,92,20,160,70,26,53,790,118,2.63,7,33,7,39,26,,0.92,14,2.65,0.66,1.32,0,1.32,1.97,1.58,1.32,0.66,1.58,13,3.29,0,13,13,3.29,3.95,0,0,7,1.32
Malegaon,India,1.32,1.97,1.05,0.84,0.63,0.39,6,1.32,0.13,0.79,3.95,1.18,0.53,268,132,39,197,66,66,26,316,118,1.58,0,16,42,20,13,,0.96,5.26,0,0,0,0,0,0.49,0.33,0.22,0.7,0,5.26,2.63,0,8,1.84,0.53,1.18,329,0,0,0.99
"Denpasar, Bali",Indonesia,3.98,2.95,1.73,1.14,1.29,0.95,5.98,1.8,1.12,1.66,20,1.02,0.9,395,282,56,275,190,35,21,275,96,4.13,2.47,39,26,72,72,,0.5,22,0,2.31,5.04,13,7,1.09,1.7,0.99,0.91,3.93,12,9,37,25,7,2.31,2.08,0,0.08,40,1.2
Tel Aviv,Israel,14,11,4.56,1.51,3.64,1.63,7,2.29,1.24,2.53,13,2.26,2.01,,,177,,991,121,17,540,113,7,13,80,51,109,121,,1.47,59,15,7,5.01,61,8,5.39,3.93,2.45,3.78,15,37,19,63,72,11,3.2,7,626,0.16,67,9
Eilat,Israel,20,11,6,1.21,3.03,2,5.82,2.55,1.58,1.33,8,1.94,1.64,,994,268,711,574,121,27,557,89,5.74,10,73,60,108,166,,1.32,61,6,7,12,48,0,6,4.85,8,2.42,12,27,16,46,55,7,2.67,4.85,533,0,46,8
Padua,Italy,14,8,4.36,1.17,3.08,2.14,5.59,1.72,1.12,1.02,6,1.84,1.61,962,694,163,585,441,91,24,403,124,5.91,9,87,27,86,112,,1.44,37,16,8,10,71,4.88,5.23,4.81,1.8,2.4,15,31,16,84,50,6,1.39,4.93,545,0.2,50,5.35
New Kingston,Jamaica,7,6,3.39,2.71,1.7,0.81,6,4.75,0,1.02,0,0,1.87,529,526,299,560,322,227,27,543,61,0,2.42,24,24,44,31,,2.17,27,0,3.39,0,0,0,0,0,0,0,0,8,12,15,34,3.39,2.38,2.04,0,0.07,0,0
Nerima,Japan,9,5.3,5.17,1.51,1.88,0,5.91,0,0,1.48,9,2.05,1.28,,,96,554,332,74,37,148,74,5.54,18,52,33,33,111,0,0.89,77,20,7,0,0,3.69,8,0,0.97,2.21,27,31,30,0,94,9,3.86,3.32,0,0.13,74,3.1
Aqaba,Jordan,38,5.9,2.55,1.5,2.81,0.41,4.37,1.48,0.77,1.77,22,0.81,0.07,575,354,146,561,384,0,21,413,118,5.31,5.31,56,69,56,89,,0.8,14,2.28,2.66,5.43,9,3.28,2.88,4.07,0.79,4.72,8,46,40,12,69,10,4.69,11,956,0.05,50,2.24
Zarqa,Jordan,5.51,5.31,3.84,1.18,1.3,0.71,4.72,1.3,1.77,0,12,1.18,0.63,472,266,0,413,295,0,18,295,112,0,0,94,0,0,0,,0.89,35,0,2.95,7,12,0,0,2.95,1.18,2.36,3.54,0,0,0,0,2.36,1.18,0,0,0,0,2.48
Aqtöbe,Kazakhstan,3.8,2.15,1.01,0.63,0.72,0.76,0,0.76,0.23,0.47,8,0.68,0.09,329,253,38,202,127,30,12,0,0,0,2.53,63,38,63,0,,0.36,0,0,0.76,0,0,0,1.56,2.83,2.02,1.64,8,25,8,51,76,38,1.52,0,0,0.03,32,1.06
Dzhezkazgan,Kazakhstan,0,0,0,0,0,0,0,0,0,0,0,0,0,582,0,0,0,0,0,0,0,0,0,0,0,0,0,0,0,0,0,0,0,0,0,0,0,0,0,0,0,0,0,0,0,0,0,0,0,0,0,0
Karaganda,Kazakhstan,3.98,2.44,0.93,0.47,0.56,0.72,1.86,0.82,0.24,0.42,3.88,0.58,0.09,266,164,37,158,112,24,10,264,59,4.68,0.99,46,35,40,70,,0.3,15,2.85,3.51,2.53,10,2.02,1.4,1.32,0.44,0.91,2.31,10,7,10,28,3.24,0.87,0.76,0,0.02,23,0.59
Kökshetaū,Kazakhstan,4.43,2.78,1.45,0.44,0.58,1.52,1.82,0.92,0.47,0.48,5.06,0.55,0.23,506,380,76,304,202,38,10,380,38,6,8,0,38,0,0,,0.3,11,0,0,0,0,0,0,0,0.63,0,0,0,5.06,0,0,0,0,0,0,0,0,0.51
Oral,Kazakhstan,7,2.78,1.15,0.56,0.63,0.57,0.7,0.54,0.26,0.43,2.53,0.46,0.18,203,152,15,130,127,38,12,208,38,1.04,3.8,27,29,52,39,,0.31,6,5.11,1.58,0,0,0.91,0.61,0.7,0.58,0.73,1.39,8,3.65,0,21,2.06,0.22,1.32,0,0.1,12,2.72
Rudnyy,Kazakhstan,1.52,1.52,1.01,0.51,0.72,1.01,1.6,1.1,0.49,0.46,5.06,0.59,0.19,253,202,46,110,84,30,8,202,51,7,2.53,30,27,42,51,,0.54,9,0,3.46,2.78,0,2.28,1.42,1.39,0.99,0.53,1.52,13,4.43,6,51,1.52,1.01,1.14,127,0.05,13,0.68
Taldy-Kurgan,Kazakhstan,2.53,2.02,1.77,0.38,1.01,0.15,2.53,0.51,0.51,0.33,2.02,0.51,0.15,0,0,0,0,0,0,0,0,0,0,0,20,25,25,51,,0.29,0,0,0,0,0,0,0,0,0,0,0,0,0,0,0,0,0,0,0,0,0,0
Turkestan,Kazakhstan,0.76,0.51,0.76,0.25,0.38,0.51,1.27,0.51,0.25,0.25,2.53,0.51,0.13,0,127,0,0,76,0,10,253,25,0,0,0,0,0,0,0,0,6,0,0,0,0,0,0,0,0.25,0,0,0,2.53,0,0,0,0,0,0,0,0,0
Öskemen,Kazakhstan,0,0,0,0,0,0,0,0,0,0,0,0,0,0,0,0,0,0,0,0,0,0,0,0,0,0,0,0,0,0.32,0,0,0,0,0,0,0,0,0,0,0,0,0,0,0,0,0,0,0,0,0,0
Prishtina,Kosovo,5.39,2.93,2.97,0.97,1.28,0.94,5.24,0.86,0.69,0.83,7,1.31,0.39,435,283,116,261,176,59,13,319,62,4.54,2.59,33,30,73,64,,1,15,11,3.28,4.5,11,2.42,3.39,2.76,1.04,1.41,2.89,14,7,7,21,3.34,1.11,1.76,225,0.11,19,2.3
Vec-Liepaja,Latvia,0,0,3.25,0.8,1.12,2,0,0,0,0,0,0,0,350,210,0,0,0,0,0,0,0,0,0,0,0,0,0,,1,38,0,0,0,0,0,0,0,0,0,0,0,0,0,0,0,0,0,0,0,0,3.3
Klaipėda,Lithuania,4.9,4.09,2.68,1,1.56,1.5,3.09,0.74,0.47,0.83,8,1.42,0.59,583,413,139,289,170,120,10,423,75,2.9,3.68,86,44,82,82,,1.3,25,4.77,7,5.79,28,3.66,2.36,4.07,0.88,1.21,8,14,11,40,43,5.73,1.91,1.91,0,0.04,36,2.96
Panevėžys,Lithuania,3.53,5.29,3.66,1.02,1.24,1.48,2.09,0.71,0.89,1.07,5.79,1.47,0.66,0,0,0,0,0,0,0,0,0,0,0,0,0,0,0,0,1,28,0,0,0,0,0,0,0,0,0,0,0,0,0,0,0,0,0,0,0,0,0
Vilnius,Lithuania,6,4.61,2.87,0.89,1.71,2.21,3.69,0.86,0.4,1.13,10,1.73,0.83,716,498,133,415,307,79,9,354,100,8,8,80,51,81,112,,1.11,29,7,5.78,5.29,30,5.08,3.32,3.76,1.34,2.62,16,26,13,46,44,7,2.46,2.94,552,0.14,53,3.44
Šiauliai,Lithuania,7,4.22,3.95,1.31,1.54,2,3.33,0.7,0.35,0.76,10,1.4,0.65,276,0,208,0,0,81,7,0,0,0,0,60,33,70,68,0,1.03,20,0,0,0,29,6,4.24,3.65,1.48,2.94,6,18,10,30,26,3.56,1.54,1.59,0,0.05,40,2.93
Georgetown (Penang),Malaysia,3.49,2.83,1.51,1.52,1.2,0.91,5.88,2.06,0.89,2.37,14,0.84,0.66,428,248,50,299,183,38,29,427,116,4.87,5.18,47,23,64,53,,0.48,17,7,3.09,5.81,10,3.67,2.29,3.27,0.94,2.03,4.9,13,5.78,12,27,5.98,3.17,4.12,494,0.07,35,3.51
San Nicolás de los Garza,Mexico,4.89,3.1,10,0.62,1.11,0.83,2.13,2.06,1.02,0.81,4.35,0.99,0.87,812,366,435,0,474,435,24,435,131,2.61,13,35,16,65,63,,0.6,24,3.88,2.29,4.35,13,4.35,1.63,2.13,0.87,0.65,4.35,18,5.64,36,28,5.22,2.53,1.31,348,0.04,16,1.94
Tlaquepaque,Mexico,6,5.82,1.93,0.83,2.11,0.69,11,1.69,0.86,0.93,9,1.11,0.87,731,339,131,367,261,78,21,522,87,2.44,3.48,43,55,66,47,,0.68,17,0,0,7,15,0,2.66,2.74,1.8,1.05,3.55,10,6,71,25,2.88,2.44,1.08,300,0.04,57,2.03
Uruapan,Mexico,17,5.16,2.27,1.09,2.61,1.19,4.11,1.72,0.63,0.7,8,1.39,0.87,304,174,87,218,152,87,17,348,87,4.31,2.18,0,17,48,26,,0.61,26,4.3,9,5.22,0,0,0,2.61,1.26,0,1.31,7,0,0,15,3.05,1.96,0.87,387,0,0,4.35
Cancún,Mexico,7,3.38,2.31,0.7,1.24,1.06,3.32,1.48,0.96,0.85,7,0.99,0.63,602,347,75,376,183,51,19,251,92,2.28,2.09,23,18,45,37,,0.58,19,5.04,3.22,4.9,18,2.07,1.6,2.07,1,0.98,5.49,17,6,19,33,4.07,2.16,1.69,596,0.07,31,1.92
León,Mexico,4.72,3.72,2.71,0.61,1.34,0.66,2.31,1.4,0.82,0.74,8,0.95,0.55,485,236,39,379,196,33,20,373,77,4.66,1.89,30,23,63,41,,0.67,19,6,4.03,9,20,1.94,1.97,2.35,1.19,1.13,5.08,13,5.04,31,31,3.87,1.81,1.9,492,0.1,35,2.1
San Luis Potosí,Mexico,5.51,4.81,2.01,0.66,1.18,0.54,2.09,1.43,0.93,0.92,8,1.01,0.77,460,332,40,323,255,37,23,458,65,3.66,1.79,37,27,52,47,,0.66,16,2.64,3.83,8,25,2.5,2,2.49,1.61,1.38,4.95,15,6,29,31,3.22,1.98,1.43,305,0.15,30,1.94
Tehuacán,Mexico,2.61,3.05,1.63,0.48,1.04,0.7,1.13,0.87,0.44,0.99,15,0.78,0.65,218,152,9,653,435,87,22,653,65,2.61,0,22,44,65,35,,0.65,22,0,3.05,8,11,0,1.36,2.18,1.09,1.74,4.35,9,6,7,11,3.05,1.96,1.61,566,0,11,2.39
Minatitlan,Mexico,2.18,3.48,2.18,0.61,1.31,0.65,1.31,1.22,0.52,0.78,9,0.87,0.65,261,174,348,131,87,44,9,218,61,5.22,0.82,9,9,17,17,0,0.65,0,0,1.31,4.35,0,0,1.9,1.31,0.65,0.65,2.18,4.35,4.35,0,0,0,2.18,0,0,0,0,0
Mérida,Mexico,4.59,3.33,2.09,0.71,1.3,0.78,3.09,1.59,1.01,0.7,7,1.01,0.56,504,235,45,353,170,47,17,349,64,4.79,2.2,31,27,48,29,,0.65,19,5.19,3.31,8,20,2.54,1.73,2.09,0.93,0.98,4.51,11,5.66,24,23,2.78,1.85,1.54,494,0.07,24,1.83
Ciudad Juárez,Mexico,6,4.23,1.81,0.66,1.25,0.77,2.41,1.25,0.55,0.7,9,1.01,0.62,295,193,64,223,187,30,17,346,71,3.1,1.58,28,25,50,29,,0.53,14,0,5.14,10,21,2,1.89,2.01,0.81,0.85,4.35,12,4.73,25,24,2.61,2.43,1.44,209,0.1,20,2.03
Chilpancingo,Mexico,1.96,3.7,1.31,0.74,1.04,0.44,1.74,1.31,0.65,0.79,3.48,0.92,0.44,346,131,20,128,87,28,24,696,65,2.61,0,44,30,52,17,0,0.64,9,0,0,0,0,0,0,0,0.87,0,0,3.48,5.57,17,19,3.05,1.96,1.09,0,0.04,15,2.09
Bălţi,Moldova,2.27,2.21,1.72,0,1.11,0.98,0,0.88,0.25,0.69,3.17,1.08,0.26,147,0,98,147,77,0,7,245,49,0,2.45,29,22,40,51,,0.81,0,0,0,0,0,0,4.29,0,0,1.47,2.94,15,0,0,7,2.45,0.74,1.1,0,0,25,1.18
Chişinău,Moldova,3.94,3.88,1.68,0.64,1.28,1.19,2.91,0.62,0.35,0.82,5.01,1.23,0.35,609,325,92,341,163,57,8,367,110,10,3.21,63,39,108,100,,0.86,9,2.73,6,7,11,2.59,3.24,3.05,1.42,1.58,4.16,14,9,13,29,4.2,1.78,1.59,647,0.09,54,1.17
Ulan Bator,Mongolia,5.82,4.17,1.79,0.77,1.29,1.67,3.59,1.91,0.27,0.63,10,0.89,0.39,724,334,59,325,190,32,11,343,87,5.39,4.1,32,34,82,84,,0.56,10,2.69,4.97,3.35,15,2.84,2.32,3.33,1.3,1.39,4.83,10,4.58,13,29,4.84,1.86,1.26,630,0.03,66,3.42
Fes,Morocco,12,3.39,1.78,0.46,1.16,0.54,7,1.1,0.42,1.17,9,1.04,0.48,0,89,27,0,0,0,27,0,0,0,2.23,18,22,76,0,0,0.77,9,0,1.87,0,21,2.72,3.35,3.57,0.7,1.19,2.94,19,0,0,35,7,1.7,0,0,0.18,40,1.65
Tétouan,Morocco,11,4.26,1.78,0.59,1.15,0.36,1.78,0.68,0.36,1.52,6,1.1,0.35,273,172,134,115,134,89,16,416,62,1.34,3.72,26,30,52,54,,0.79,13,0,3,2.68,18,1.78,2.8,1.09,0.75,1.02,2.08,11,3.15,8,25,7,2.25,3.57,268,0.02,23,3.15
Birgunj,Nepal,4.12,1.65,1.33,1.65,0,0.66,0,1.48,0,0,0,1.56,0.99,247,0,0,0,0,0,0,124,0,0,0,0,0,8,0,0,1.15,0,0,0,0,0,0,0,0,0,0,0,0,2.56,0,13,0,0,0,0,0,25,0
Dharan Bazar,Nepal,2.47,3.29,1.81,0.66,0.89,0.66,4.12,1.65,0.41,1.65,0.82,1.48,0.33,0,0,185,0,0,0,7,412,165,4.12,16,8,10,66,25,0,0.74,8,0,0.82,0,0,0,1.24,2.47,1.24,0.41,0,12,3.29,0,8,0,0,0,0,0,5.76,0.99
The Hague,Netherlands,13,8,4.06,1.15,2.72,2.21,4.9,1.91,1.67,1.12,6,2.2,1.05,,,123,,725,81,24,432,148,9,13,73,47,93,106,,1.56,80,22,8,12,35,4.14,3.13,3.52,1.65,2.13,29,42,22,93,65,8,2.89,4.24,572,0.14,39,6
As Suwayq,Oman,2.17,0,0,0,0,0,0,0,0,0,0,0,0,0,0,0,0,0,0,0,0,0,0,0,0,0,0,0,0,0,0,0,0,0,0,0,0,0,0,0,0,0,0,0,0,0,0,0,0,0,0,0
Barka',Oman,0,5,0,2.22,2.67,0,0,0,0,0,0,1.41,1.09,0,0,0,327,234,0,0,0,0,14,1.63,0,0,0,0,0,0.26,0,0,4.37,24,0,8,0,3.83,0,5.65,3.26,0,17,0,0,0,4.78,0,0,0.07,0,1.96
"Coronado, Panama",Panama,8,4.13,3.3,1.09,2.09,2.94,5.43,2.2,2.94,0,5.97,1.85,1.04,,0,0,0,0,0,45,0,0,11,0,33,38,75,109,0,0.58,0,0,5.8,2.84,10,7,3.85,4.13,3.25,3.33,5.01,25,10,17,40,7,2.92,3.16,0,0.14,0,4.18
Asunción,Paraguay,3.83,3.86,1.8,0.74,1.69,1.37,3.02,1.58,0.86,1.05,7,1.39,0.47,,434,75,574,324,45,38,524,92,7,1.4,51,47,70,50,,0.86,23,9,4.73,6,14,4.48,2.52,3.82,1.47,1.54,7,13,11,37,27,4.11,2.49,1.97,684,0.2,26,1.41
Ciudad del Este,Paraguay,2.5,3.34,2.86,0.67,1.64,0.55,1.15,0.97,1.53,0.83,6,1.27,0.45,438,297,0,0,0,0,18,415,89,1.49,0,82,59,78,78,0,1.01,23,0,3.72,0,0,0.89,3.01,2.3,0.78,1,3.72,12,7,0,30,2.97,2.23,1.86,0,0,18,1.11
Puno,Peru,1.56,2.6,1.88,1.3,1.04,0.52,5.2,0.78,0.78,1.3,4.16,1.82,0.52,288,284,0,208,156,0,39,468,104,1.56,13,21,26,52,91,0,2.19,8,2.33,0.78,1.56,13,0,3.25,3.38,0.52,2.6,1.56,0,4.68,0,12,5.2,2.08,1.56,312,0.13,21,2.6
"San Juan, La Union",Philippines,8,5.83,2.31,0,0,2.78,33,3.05,3.71,2.15,9,1.38,2.15,974,536,201,738,518,197,102,819,92,5.16,5.66,37,21,80,87,,0.87,38,0,3.58,0,20,8,0,0,3.03,2.55,13,37,20,80,53,7,3.53,2.88,0,1.07,20,4.15
Cebu City,Philippines,2.53,2.15,1.79,1.3,1.36,1.1,3.71,2.27,1.28,0.79,7,0.92,0.6,603,347,64,388,241,58,28,648,82,5.69,1.76,40,25,66,46,,0.69,15,1.44,4.1,12,7,2.29,2.29,2.1,0.8,1.52,3.47,11,7,13,20,2.35,2.01,1.1,250,0.16,43,1.11
Kraków,Poland,5.26,4.64,2.07,0.67,2.21,1.54,3.5,0.86,0.63,0.78,8,1.25,0.61,805,619,136,555,394,59,11,497,72,5.05,6,68,37,63,88,,1.12,22,5.81,3.9,10,22,3.92,2.78,3.16,1.08,2.01,8,17,11,45,29,4.72,2.36,2.03,527,0.09,30,3.68
Gdańsk,Poland,6,3.9,1.92,0.7,2.21,1.24,2.6,0.66,0.53,0.8,7,1.26,0.72,867,587,100,466,354,88,11,409,83,6,3.67,64,27,64,78,,1.12,23,7,5.08,9,25,2.12,2.85,2.64,1.37,1.55,6,15,11,34,28,6,3.18,1.99,554,0.07,37,3.2
Wrocław,Poland,7,4.13,2.01,0.7,2.09,1.65,3.53,0.62,0.37,0.74,7,1.2,0.51,734,599,135,490,408,94,10,408,96,5.78,4.52,58,31,68,67,,1.12,20,7,4.76,7,24,2.85,2.99,2.87,1.13,1.93,8,13,11,26,19,4.15,2.43,2.05,556,0.06,26,3.88
Łódź,Poland,5.65,3.95,2.03,0.61,1.64,1.37,4.05,0.75,0.59,0.67,5.29,1.26,0.48,547,399,124,339,235,66,11,440,98,4.61,3.72,68,24,70,68,,1.22,22,6,3.37,6,24,3.94,2.79,2.63,1.17,1.66,7,16,11,28,24,3.66,1.87,1.45,535,0.07,29,3.25
Białystok,Poland,5.96,3.54,1.86,0.63,1.85,1.03,2.4,0.63,0.44,0.68,6,1.22,0.57,420,332,87,311,245,79,13,480,97,5.95,3.32,68,34,62,58,,1.31,19,5.5,3.44,4.79,18,4.12,2.48,2.32,0.92,1.84,4.35,10,10,22,29,3.63,1.63,1.57,0,0.06,33,3.21
Oporto,Portugal,7,5.91,2.82,0.61,2.01,1.35,4.5,1.53,0.87,0.9,4.91,1.83,0.81,707,528,111,493,310,74,20,356,103,9,5.84,85,28,78,97,,1.47,31,10,4.03,4.68,48,3.55,3.46,3.38,1.23,2.17,10,20,12,33,33,5.28,2.09,2.81,529,0.11,32,4.86
Mayagueez,Puerto Rico,5.85,5.01,3.68,1.52,3.57,0,1.67,2.09,0,2.35,0,1.29,1.54,,598,273,710,283,104,41,403,67,2.09,8,36,21,104,75,0,0.57,0,0,8,0,21,0,4.18,0,3.34,0,9,29,11,0,48,4.59,2.04,1.67,0,0,34,5.18
Constanţa,Romania,7,4.02,2.29,1,2.4,1.13,3.5,0.91,0.52,0.65,5.99,1.24,0.36,463,293,80,287,177,57,8,311,73,6,3.65,55,33,66,93,,1.11,18,3.97,5.12,4.27,24,4.48,2.84,3.45,1.1,1.77,3.88,15,9,20,31,5.5,2.1,1.46,430,0.16,31,3.49
Târgu Mureş,Romania,4.51,4.09,2.46,1.03,1.68,1.1,3.08,0.74,0.35,0.62,4.51,1.15,0.47,281,183,75,206,120,42,6,305,63,4.64,2.02,25,26,48,67,,1.21,18,3.93,5.68,7,20,1.96,2.48,2.55,1.14,1.72,3.09,11,8,10,16,3.25,1.33,1.08,473,0.16,28,3.23
Kazan',Russia,6,5.26,3.08,0.99,1.54,2.27,6,1.7,0.74,0.71,8,1.54,0.81,760,537,80,450,320,83,9,349,66,5.02,4.61,61,35,64,59,,0.52,18,3.95,7,8,10,4.8,2.68,2.74,1.22,1.31,5.18,19,10,26,56,5.3,1.9,2.73,513,0.06,40,1.53
Nizhniy Novgorod,Russia,4.37,3.56,1.61,0.83,1.25,1.94,3.61,1.42,0.4,0.77,8,1.2,0.35,531,359,72,340,244,44,5.61,413,65,5.8,4.35,86,34,48,81,,0.55,12,4.45,3.24,5.09,10,2.87,2.11,2.4,0.82,1.06,6,14,9,26,41,4.75,2.35,1.97,537,0.02,30,1.35
Rostov-on-Don,Russia,3.77,3.2,1.5,0.84,1.06,1.56,4.23,1.15,0.44,0.8,7,1.1,0.27,477,388,53,321,238,54,7,453,70,4.83,6,79,41,57,68,,0.5,11,2.86,4.95,5.74,13,3.48,2.09,2.92,0.69,1.25,5.17,17,7,44,37,4.98,1.66,1.74,404,0.04,39,1.19
Jeddah,Saudi Arabia,12,5.21,2.8,1.01,2.2,1.22,3.52,1.42,0.83,1.07,15,1.45,0.32,,723,80,661,476,60,39,340,99,6,5.94,39,46,75,67,,0.26,71,8,3.8,10,22,4.58,3.97,3.28,1.96,2.52,5.59,23,57,65,58,5.41,4.15,0.86,502,0.12,103,5.26
Dammam,Saudi Arabia,8,4.67,3.12,0.99,1.52,1.58,3.71,1.72,0.95,0.88,10,1.29,0.46,,540,58,562,314,30,36,413,136,7,4.14,52,63,75,85,,0.23,67,7,3.15,11,31,4.81,3.12,3.46,1.56,2.89,4.07,15,17,40,40,3.89,3.2,3.26,512,0.09,85,4.36
Sakaka,Saudi Arabia,3.34,4.68,2.54,1.56,0,1.56,2.78,1.78,1.78,0.84,0.78,1.11,0.22,337,312,33,223,134,22,33,267,100,2.67,0,16,56,19,17,,0.2,5.57,0,5.57,10,11,5.57,4.18,3.12,0.45,2.67,4.45,4.45,4.45,0,13,2.23,1.56,0.84,167,0.1,56,3.34
Niš,Serbia,6,3.26,2.21,0.82,1.36,0.81,1.91,0.65,0.48,0.58,4.48,1.03,0.26,259,174,89,166,109,87,12,282,62,4.85,1.76,66,27,64,56,,1.25,17,5.51,3.9,3.55,14,3.5,2.84,2.97,0.89,1.41,2.22,11,4.81,9,17,3.03,1.06,1.32,424,0.11,15,2.26
Singapore,Singapore,8,5.05,3.09,1.96,2.43,1.8,8,3.09,1.92,3.39,21,1.64,1.46,,,91,,,66,25,360,141,7,11,68,39,88,106,,1.35,55,9,7,16,32,5.48,4,5.14,1.93,2.51,17,34,15,105,70,13,3.99,7,482,0.12,89,8
Prešov,Slovakia,5.1,4.33,3.17,0.88,2.63,1.61,4.33,1.16,1.05,0.64,6,1.47,0.48,557,400,100,390,250,70,18,604,59,5.5,2.8,70,20,60,80,0,1.27,23,0,6,0,0,0,2.81,2.85,0,3,4.72,18,6,15,23,4.67,2.5,1.21,0,0,20,3.1
Trenčín,Slovakia,4.22,4.92,3.07,1.01,2.29,2.25,5.86,1.36,0.85,0.64,3.78,1.36,0.66,554,370,135,343,220,73,13,480,75,7,7,82,28,61,64,,1.39,23,13,4.87,6,0,4.1,3.41,4.6,1.5,2.25,6,13,12,48,26,4,1.85,1.48,480,0.12,43,3.63
Žilina,Slovakia,5.19,4.72,2.81,0.71,2.08,1.64,4.69,1.12,1.52,0.69,3.4,1.2,0.35,558,374,142,373,300,69,13,389,79,5.82,0,55,26,63,81,,1.18,19,0,5.06,0,0,3.45,3.5,4.01,1.56,1.76,7,15,13,23,26,3.77,1.65,1.13,0,0.1,27,3.37
Orkney,South Africa,4.38,5.06,2.7,1.01,2.43,1.01,3.1,2.02,1.01,1.35,3.03,1.48,0.61,641,513,135,351,256,101,7,236,236,2.7,0,135,121,121,0,,0.96,0,0,5.4,13,24,0,3.79,2.02,1.08,1.69,5.4,17,11,0,54,4.05,2.02,1.69,944,0,40,2.5
Noorder-Paarl,South Africa,9,3.37,2.7,0.94,1.21,2.02,2.7,2.7,0.81,1.01,10,1.21,0.54,405,270,88,472,405,74,34,202,148,4.72,7,47,37,202,135,,0.88,20,4.32,10,20,24,2.02,1.26,2.02,1.35,0.81,7,17,5.4,20,20,2.02,1.69,1.35,202,0.17,10,2.36
Palma de Mallorca,Spain,13,7,3.74,0.95,2.34,1.49,7,1.81,1.32,0.73,6,1.5,1.06,,728,180,792,487,95,35,449,106,9,11,75,28,78,120,,1.33,35,14,5.75,4.87,74,5.21,3.06,2.77,1.4,1.73,15,31,16,55,48,9,2.95,4.56,610,0.15,53,5.01
Zaragoza,Spain,12,6,3.19,0.8,2.07,1.49,5.78,1.53,1.26,0.9,5.01,1.53,0.73,752,533,123,518,382,87,36,552,67,7,9,84,32,75,91,,1.2,40,14,6,4.5,67,5.46,2.12,3.09,1.32,2,10,27,13,51,43,6,1.76,2.92,632,0.24,47,4.88
Santa Cruz de Tenerife,Spain,8,6,2.66,0.75,2.3,1.22,5.66,1.69,1.07,0.8,5.06,1.65,0.94,882,490,81,513,358,73,34,338,118,8,9,74,36,73,92,,0.94,43,20,6,7,67,4,2.94,3.19,1.14,1.6,10,26,15,81,39,5.83,1.37,3.59,467,0.22,41,2.86
Las Palmas de Gran Canaria,Spain,11,7,3.42,0.89,2.87,1.25,5.15,1.51,1.8,0.82,7,1.88,1.37,820,556,74,597,404,97,38,390,79,5.24,10,62,24,62,82,,1.01,41,0,2.82,3.35,70,3.02,2.27,2.76,2.49,1.82,10,26,12,84,51,6,1.89,2.4,391,0.21,35,2.68
Seville,Spain,9,7,3.36,0.83,2.01,1.43,5.23,1.39,0.86,0.86,5,1.44,0.76,883,614,106,594,396,67,31,0,90,4.44,9,65,28,64,74,,1.17,40,12,7,4.44,53,4.63,2.14,3.06,1.05,1.83,11,19,15,55,37,7,2.06,2.03,521,0.1,36,4.9
Hsinchu City,Taiwan,7,5.44,2.12,2.55,1.67,8,3.54,3.92,1.75,1.15,11,2.26,1.09,682,481,283,481,283,57,25,453,85,7,7,57,28,85,57,,0.85,34,9,4.95,8,4.25,8,3.52,2.83,2.12,1.42,7,17,17,23,28,4.25,2.12,5.52,340,0.17,57,2.19
Yun-lin,Taiwan,7,5.63,1.77,2.32,2.26,3.54,8,3.77,4.72,1.42,10,0.85,1.42,,425,71,340,226,20,0,849,71,5.66,5.66,51,14,51,99,,0.65,24,2.81,4.25,4.25,0,5.66,3.54,5.63,2.83,2.83,7,11,14,23,57,4.25,4.25,1.98,0,0,14,2.26
Dar es Salaam,Tanzania,4.97,5.69,3.05,1.08,2.05,0.94,3.84,2.76,1.21,0.96,7,1.21,0.6,,754,68,658,286,54,19,381,115,6,4.64,29,34,36,52,,0.72,16,9,3.61,11,17,3.46,4.44,4.12,1.46,1.42,2.66,11,11,11,27,4.29,1.92,1.18,482,0.1,61,1.81
Dodoma,Tanzania,1.12,3.13,2.25,0.67,2.61,0.67,3.74,1.07,0.56,0.94,6,1.87,0.48,187,150,59,112,94,56,11,374,187,8,0,17,25,22,45,,0.83,8,7,1.5,1.12,0,0.94,1.93,3.74,1.5,0.85,1.87,13,10,16,23,2.68,1.87,1.05,168,0.02,9,1.04
Kigoma,Tanzania,0,0,0,0,0,0,0,0,0,0,0,0,0,0,0,0,0,0,0,0,,0,0,0,0,0,0,0,,0,0,0,0,0,0,0,0,0,0,0,0,0,0,0,0,0,0,0,0,0,0,0
Mbeya,Tanzania,1.39,4.49,0,0,2.25,0,0,0,0,0,0,0,0,299,112,56,0,0,0,37,599,0,0,0,0,5.61,17,0,,0.75,5.61,0,3.74,3.74,0,0,2.34,0,0.75,1.31,1.87,12,0,0,19,4.49,1.87,0.75,0,0,0,1.31
Tabora,Tanzania,0,0.75,2.25,2.25,1.35,0.75,7,2.99,1.12,0.94,2.25,0.56,0.37,0,0,11,84,0,11,0,0,0,1.12,0,0,0,0,0,0,0,0,0,0,0,3.74,0,0,1.5,0,1.12,0,0,0,0,0,0,0,0,0,0,0,0
Chaiyaphum,Thailand,3.89,5.19,1.3,1.3,0.16,1.3,10,1.3,2.08,3.11,13,0.52,0.78,778,130,52,778,78,52,26,648,130,8,0,52,52,130,130,,0.78,5.19,0,5.19,26,13,2.59,3.24,5.19,2.59,1.56,2.59,5.19,10,13,52,52,5.19,0,519,0.08,52,3.89
Klaeng,Thailand,8,4.41,2.08,1.82,2.59,0.78,5.19,3.11,1.04,0.91,3.89,1.04,0.52,519,389,52,389,259,39,0,156,65,3.37,0,0,8,26,16,,0.78,16,0,2.59,8,13,3.11,0.97,1.3,1.3,1.3,2.59,13,13,13,18,2.08,2.08,1.3,0,0.04,16,1.95
Mon Repos,Trinidad and Tobago,6,4.68,1,2.12,2.12,3,2.5,4.99,1.75,2.12,15,0.94,1.31,887,749,47,499,312,12,19,874,0,4.99,1.87,44,37,44,31,,0.62,62,0,6,0,0,4.99,4.99,4.99,3.12,2,3.12,12,11,19,69,6,1.25,1.19,0,0.06,34,2.5
Port of Spain,Trinidad and Tobago,6,5.4,2.93,1.58,3.28,2.4,6,2.69,1.03,1.57,19,1.36,1.47,,685,92,723,333,60,31,489,137,11,4.48,53,46,111,95,,0.46,36,5.2,4.51,10,31,3.77,3.63,5.27,1.65,1.94,7,37,12,31,86,7,4.31,1.64,461,0.16,40,3.9
Beja,Tunisia,2.34,1.17,1.34,0.33,0.67,0.17,0.67,1.5,0.23,0.33,2.34,0.5,0.17,134,93,13,83,60,0,5.01,167,83,2,0,13,40,47,60,,0.5,19,1.82,2.67,0,12,3.67,1.46,0.83,0.5,0.6,1.17,10,1.67,7,13,0.83,0.67,0.67,0,0,7,2.34
Gabès,Tunisia,2.04,2.04,1.34,0.39,0.69,0.33,1.36,0.76,0.33,0.63,5.01,0.74,0.18,167,100,22,89,83,13,13,401,55,1.7,1.04,33,50,12,30,,0.55,7,0,1,1.67,10,0,1.25,2.34,0,0.5,1.67,12,3.34,0,10,1.67,1.34,1.34,0,0,7,1.67
İzmir,Turkey,5.5,3.9,1.89,0.62,1.87,0.78,2.74,0.74,0.39,1.64,10,0.79,0.28,385,248,72,324,213,93,11,368,105,7,3.15,39,24,54,44,,1.15,29,5.95,2.5,5.92,33,2.36,2.46,2.45,1.15,2.02,4.26,20,9,19,42,7,2.27,2.95,411,0.12,26,2.84
Kahramanmaraş,Turkey,3.1,4.16,1.34,0.51,0.78,0,1.56,0.17,0,1.44,9,0.58,0.29,127,78,45,158,102,78,12,234,45,1.99,11,42,89,67,39,,1.09,15,0,2.68,4.69,18,2.23,2.09,1.45,1.03,1.34,4.46,10,4.91,0,0,0,2.23,3.35,254,0,33,0
Eskişehir Province,Turkey,4.9,3.3,1.16,0.49,1.54,0.54,2.16,0.58,0.32,1.44,12,0.79,0.26,252,130,59,203,117,34,12,254,70,4.75,5,31,16,44,28,,1.08,21,11,1.74,2.67,18,1.19,2.42,2.65,0.91,1.91,3.54,10,5.6,14,20,3.41,1.93,2.48,607,0.07,18,2.58
Adapazarı,Turkey,4.09,4.25,1.34,0.81,1.34,1,3.72,1.08,0.93,1.85,3.72,1.04,0.22,253,223,45,179,134,33,13,218,112,5.58,2.34,33,17,60,45,,1.23,8,0,1.12,0.67,3.35,1.79,1.67,2.23,3.01,2.34,3.9,12,5.58,9,17,10,2.23,3.35,0,0,11,2.57
İskenderun,Turkey,2.08,3.23,1.56,0.55,1.26,0.66,2.17,0.38,0.34,1.59,9,0.89,0.42,234,167,61,190,145,11,10,212,67,0.56,1.39,17,18,67,33,,0.77,17,0,2.63,1.54,16,1.12,0.84,1.34,1.1,0.89,2.23,5.58,6,0,13,7,2.23,2.23,736,0.11,22,3.35
Odessa,Ukraine,3.48,1.98,1.28,0.63,0.94,0.98,2.79,0.46,0.21,0.44,3.5,0.56,0.28,413,264,29,267,185,25,4.01,312,43,6,2.93,48,32,74,53,,0.74,8,2.38,2.69,3.86,7,1.88,1.34,1.9,0.85,1.28,3.19,10,5.79,13,22,2.79,0.89,0.91,335,0.03,16,0.82
Dnipro,Ukraine,2.43,1.95,0.97,0.49,0.94,0.43,2.68,0.58,0.27,0.34,3.44,0.39,0.15,279,136,20,247,153,18,3.12,224,59,2.68,2.57,48,35,52,69,,0.61,7,1.38,2.88,4.69,4.8,1.18,1.76,0.96,0.61,0.63,2.4,8,3.1,6,18,2.12,0.6,1.05,408,0.03,12,0.64
Brighton and Hove,United Kingdom,15,5.43,3.61,0.88,2.66,2.13,3.58,1.76,1.46,1.71,9,2.05,1.01,,,179,989,920,151,24,454,95,7,11,78,33,66,78,,1.31,82,19,4.6,9,73,3.53,1.73,4.86,2.05,1.24,16,30,22,104,53,9,3.28,4.85,474,0.15,37,12
"Reading, Berkshire",United Kingdom,9,5.78,4.34,0.98,3.1,2.32,6,2.19,0.89,1.9,9,2.06,0.78,,,131,,,182,30,332,77,7,13,65,37,70,75,,1.36,69,15,3.15,10,91,3.22,1.3,3.96,1.81,1.65,12,33,23,133,60,9,2.88,4.83,518,0.15,30,10
Newcastle upon Tyne,United Kingdom,10,5.91,4.11,0.81,3.09,1.63,6,1.79,0.74,1.67,9,2.09,1.01,,899,313,776,598,177,23,393,91,9,11,74,33,74,88,,1.31,69,13,3.74,9,87,3.21,1.8,3.62,1.83,1.73,11,29,20,90,50,8,3.11,4.12,507,0.22,32,10
Kingston upon Hull,United Kingdom,9,5.39,4.43,0.78,2.7,3.32,3.61,2.12,1.95,1.47,7,2.03,1.08,836,,122,908,600,77,44,365,65,6,11,63,24,68,54,,1.3,40,12,5.03,9,0,3.44,1.98,2.66,2.31,1.51,9,24,17,78,54,7,3.09,3.71,0,0.11,32,8
"Walnut Creek, California",United States,16,7,5.42,0.9,3.77,4.37,6,3.58,1.87,2.39,14,2.01,2.13,,,158,,,110,45,349,169,7,20,40,46,64,113,,0.72,122,20,6,23,135,5.53,3.55,4.32,3.67,2.06,27,39,22,107,78,10,4.17,5.05,361,0.84,68,7
"Palo Alto, California",United States,13,5.65,4.51,0.97,4.13,3.81,9,3.6,2.21,2.62,16,1.68,2.64,,,123,,,106,48,488,127,10,29,43,35,63,75,,0.68,109,15,11,25,89,8,3.55,4.62,2.96,1.38,26,46,22,222,87,10,3.52,5.43,358,0.21,90,5.75
New York City,United States,13,7,4.94,0.98,3.94,3.87,7,3.09,1.53,2.6,14,2.09,2.36,,,160,,,111,41,447,115,9,21,43,33,75,134,,0.61,101,13,8,24,111,8,3.25,5.11,3.66,1.97,20,46,26,217,92,13,4.04,6,366,0.4,87,11
"San Francisco, California",United States,14,6,5.43,0.93,4.2,5.17,9,3.96,2.65,2.82,14,1.97,2.13,,,138,,,67,42,326,112,8,20,53,42,82,125,,0.7,68,18,7,14,87,5.54,3.23,5.34,2.95,1.74,38,48,22,198,95,12,3.57,5.9,360,0.17,76,7
Washington D.C.,United States,12,6,4.74,0.81,2.81,4.56,5.72,2.88,1.43,2.31,13,1.58,1.87,,,167,,,111,45,293,88,13,25,39,42,73,113,,0.55,147,21,9,14,96,8,2.69,4.31,2.75,1.26,26,41,22,132,92,11,4.02,5.93,359,0.22,67,7
"Mountain View, California",United States,12,7,3.74,0.81,3.73,4.18,6,3.11,1.55,1.72,13,1.54,2.09,,,132,,,92,39,355,118,9,25,36,41,69,106,,0.73,96,16,5.87,17,128,7,3.43,4.41,2.35,1.86,19,39,21,147,73,8,4.3,5.14,358,0.17,61,6
"Honolulu, Hawaii",United States,12,7,5.2,1.4,4.13,5.37,6,3.94,2.38,2.73,14,2.04,2.77,,,210,,,149,47,329,71,11,28,49,51,95,118,,0.7,49,22,8,21,74,8,3.61,5.32,4.84,2.28,16,51,21,105,79,10,4.47,5.43,362,0.69,52,9
"Oakland, California",United States,12,6,4.63,0.85,3.38,4.27,8,3.87,1.66,2.27,12,1.67,1.74,,,123,,,59,41,245,79,10,21,44,36,67,93,,0.71,97,15,7,12,69,5.77,3.62,5.32,2.66,1.54,20,35,20,114,76,10,3.95,6,358,0.16,50,7
Maui,United States,14,7,4.8,1.49,5.09,6,9,4.5,2.47,2.65,13,2.29,3.83,,,195,,,110,34,376,105,14,23,66,74,78,123,,0.78,36,0,10,24,100,7,3.89,4.72,4.82,1.66,21,46,21,170,101,9,5.21,5.47,358,0,46,9
"Boston, Massachusetts",United States,13,7,4.33,0.85,2.96,3.95,6,2.89,1.6,2.3,13,1.59,2.07,,,148,,,106,42,315,111,10,24,46,32,77,116,,0.55,71,13,5.82,10,105,6,3.25,4.56,3.11,1.6,21,42,22,193,75,11,4.06,5.59,354,0.06,75,10
"San Jose, California",United States,12,7,4.55,0.96,3.59,3.82,5.1,2.61,2.05,1.65,9,1.6,2.09,,,113,,,85,38,355,121,10,22,37,43,75,108,,0.66,72,16,6,23,85,5.7,2.81,4.47,2.69,1.83,19,42,21,132,74,9,4.28,4.93,361,0.09,36,5.36
"Jersey City, New Jersey",United States,12,7,3.63,0.77,3.42,3.19,7,4.24,1.99,0.99,16,1.66,2.36,,,114,,,98,37,385,101,13,18,48,30,66,78,,0.51,74,12,7,37,128,7,3.65,4.9,3.31,2.12,22,48,25,40,59,11,3.53,4.52,367,0.1,50,7
"Seattle, Washington",United States,13,6,4.3,0.8,2.86,4.54,6,2.95,1.37,2.02,12,1.86,2.09,,,179,,,102,47,324,119,12,28,36,36,71,113,,0.66,80,13,5.04,11,136,6,3.06,3.88,3.11,1.41,20,40,22,143,73,9,4.09,5.03,364,0.14,46,8
"Los Angeles, California",United States,13,7,4.33,0.82,3.76,3.1,5.42,2.69,1.52,2.25,12,1.77,2.18,,,134,,,90,38,314,79,9,17,44,43,75,99,,0.68,75,18,7,14,96,6,3.35,4.61,3.28,1.52,18,39,23,163,71,11,4.04,5.59,367,0.3,42,6
"Santa Cruz, California",United States,12,5.91,4.19,0.82,3.48,4.76,6,3.34,1.95,2.21,12,1.81,2.3,,,105,,,73,43,329,97,8,19,35,32,78,102,,0.66,57,18,7,23,163,5.72,3.17,4,3.33,2.38,19,34,20,63,59,7,3.7,5.74,359,0.18,38,7
"San Diego, California",United States,13,7,4.28,0.82,3.38,3.16,5.55,2.58,1.26,1.81,12,1.59,1.63,,,129,,,82,42,311,146,9,20,43,39,71,113,,0.67,65,14,7,17,67,6,3.23,4.32,3,1.67,18,38,23,169,67,10,4.04,5.71,365,0.49,40,7
"Chicago, Illinois",United States,11,6,3.75,0.68,2.58,3.02,4.85,2.49,1.33,1.96,12,1.88,1.72,,,144,,824,95,37,326,115,9,18,42,41,74,115,,0.63,86,14,7,17,118,7,3.37,4.7,2.76,1.96,20,38,21,149,68,11,4.17,4.51,358,0.45,52,10
"Santa Ana, California",United States,10,6,4.65,0.85,3.75,3.47,5.24,2.46,1.46,1.93,11,1.85,1.89,,,120,,989,74,48,352,119,8,23,36,27,63,80,,0.66,56,15,8,23,94,5.6,3.42,3.41,3.3,2.11,17,36,20,122,67,9,3.9,5.31,358,0.52,41,5.31
"Boulder, Colorado",United States,13,5.75,4.13,0.79,3.75,4.28,8,2.76,1.32,2.05,12,1.56,1.58,,,128,,,86,47,293,112,9,17,42,29,69,77,,0.48,75,12,6,17,101,4.94,3.09,4.54,2.27,1.52,17,35,19,60,55,8,3.94,4.6,357,0.45,50,4.59
"Irvine, California",United States,10,5.81,3.06,0.79,2.67,2.9,3.38,2.54,1.96,2.34,12,1.52,1.81,,,150,,,88,40,313,192,0,21,36,34,65,111,,0.67,56,0,7,0,58,17,3.32,5.83,4.72,2.12,19,40,25,0,66,11,3.9,7,358,0.08,48,5.41
"Anchorage, Alaska",United States,13,7,3.89,0.84,3.25,4.6,7,3.79,2,1.89,16,2.23,2.89,,,206,953,698,155,60,306,89,12,14,37,34,72,87,,0.6,50,14,5.72,29,148,5.79,3,4.44,2.94,2.31,18,40,21,58,60,7,3.5,4.18,362,0.2,56,8
"Billings, Montana",United States,10,5.43,4.2,0.81,2.47,3.96,7,2.34,1.1,2.65,12,1.49,1.46,983,840,108,781,658,142,56,305,77,14,16,51,51,64,104,,0.51,102,0,7,23,153,8,3.12,5.72,2.51,1.96,21,32,18,134,66,8,4.6,3.76,360,0.28,47,6
"Portland, Oregon",United States,11,5.71,4.42,0.74,2.7,3.62,6,3.06,1.36,2.17,10,1.75,2.09,,,140,,939,96,41,301,83,8,17,41,32,78,99,,0.62,81,14,5.46,21,127,5.61,2.87,3.8,2.21,1.53,21,35,18,147,80,9,3.49,4.48,361,0.25,32,5.45
"Miami, Florida",United States,14,6,3.68,0.88,3.09,3.54,6,2.91,1.38,1.9,13,1.55,1.6,,,151,,819,108,35,269,97,9,17,35,36,74,93,,0.55,84,13,5.91,15,84,5.85,2.62,3.83,2.63,1.54,15,38,21,96,80,12,3.86,4.77,363,0.19,32,5.49
"Newark, New Jersey",United States,10,6,3.65,0.76,2.6,1.83,4.6,1.84,1.17,2.33,12,1.67,1.77,,,150,926,969,127,66,438,142,17,15,37,20,75,167,,0.56,87,14,13,23,97,12,2.9,4.65,3.77,1.24,13,55,24,156,96,9,3.62,4.23,360,0,24,8
"Philadelphia, Pennsylvania",United States,12,5.47,3.84,0.84,2.47,4.07,5.46,3.61,1.59,2.09,13,1.99,2.17,,,141,,820,69,50,247,70,9,20,35,28,67,96,,0.56,84,13,4.22,19,90,4.84,2.33,3.51,2.82,1.15,15,34,20,147,58,10,3.04,3.61,358,0.08,32,8
"Arcata, California",United States,13,6,4.2,0.96,4.02,4.8,8,2.37,1.1,1.72,18,2.08,4.12,,,178,969,646,86,42,264,83,14,24,49,167,81,118,,0.73,25,0,12,46,134,0,2.98,4.48,0,0,20,43,16,8,77,8,3.55,3.82,358,0,40,5.12
"Denver, Colorado",United States,11,6,3.77,0.67,3.04,2.95,5.57,2.77,1.3,1.72,14,1.42,1.4,,,104,,852,85,36,298,126,10,19,34,37,70,90,,0.54,95,10,4.71,13,83,4.57,2.49,3.83,2.41,1.31,18,36,20,175,63,9,3.75,4.84,357,0.32,32,5.23
"Minneapolis - St. Paul, Minnesota",United States,11,5.87,5.01,0.72,1.79,4.36,4.93,3.22,1.3,1.81,12,1.67,1.42,,,143,,729,92,37,289,117,10,21,37,48,69,88,,0.53,59,16,7,16,127,7,2.51,3.71,2.48,1.42,16,32,20,153,55,9,3.83,4.64,357,0.47,46,8
"Sacramento, California",United States,11,6,4.32,0.9,3.19,3.93,7,3.13,1.25,2.04,13,1.69,1.9,,,134,,827,78,41,394,117,11,22,45,45,80,94,,0.63,79,15,5.32,25,90,5.31,2.65,5.65,2.88,1.59,13,32,18,121,66,9,4.2,5.3,361,0.14,36,7
"Baltimore, Maryland",United States,10,6,3.94,0.76,2.33,3.5,5.76,2.93,1.52,1.81,13,1.52,1.24,,,213,,891,101,61,257,97,10,17,32,30,73,80,,0.53,53,13,5.69,28,104,4.87,2.82,2.76,3.55,1.31,16,35,20,97,74,9,4.17,3.95,359,0.12,55,5.8
"San Luis Obispo, California",United States,13,6,4.38,0.83,2.7,4.29,7,3.17,1.32,2.62,14,1.85,1.83,,,131,,935,91,39,310,136,7,18,36,35,67,93,,0.69,33,0,5.64,56,63,5.74,2.89,5.08,2.88,1.9,17,45,21,142,76,8,3.9,5.03,355,0.13,42,6
"Hartford, Connecticut",United States,13,7,3.49,0.84,2.43,3.47,4.66,2.28,1.3,1.82,10,1.77,1.84,,,135,,792,127,50,231,90,8,20,33,34,80,99,,0.53,41,13,8,9,79,5.98,3.17,4.46,2.52,1.79,15,39,19,112,67,9,4.14,4.45,364,0.55,26,8
"Baton Rouge, Louisiana",United States,10,6,3.28,0.87,2.45,2.73,4.32,2.68,1.29,2.17,14,1.39,1.62,,768,139,,701,89,47,341,101,9,12,39,25,68,75,,0.5,46,12,4.32,24,84,4.78,2.73,3.39,2.75,1.65,17,38,17,91,74,8,4.71,4.6,361,0.84,56,4.44
"Fort Lauderdale, Florida",United States,12,6,3.4,0.8,2.76,2.98,6,2.81,1.24,1.88,9,1.85,1.79,,,137,,896,80,31,302,97,10,15,49,53,75,111,,0.55,51,12,6,10,118,5.49,2.74,3.05,2.98,1.58,14,37,23,145,80,11,4.34,4.75,358,0.19,19,6
"Long Beach, California",United States,12,6,3.06,0.73,2.22,2.75,3.55,1.84,0.57,2.18,11,1.6,0.98,,,87,,964,51,39,267,97,10,17,43,0,84,150,,0.67,59,16,7,0,42,0,2.49,1.79,3.02,0.53,11,36,20,84,53,10,3.15,5.15,358,0,64,6
"Atlanta, Georgia",United States,10,5.63,3.34,0.73,2.48,3.25,5.13,2.61,1.41,1.97,12,1.53,2.17,,,154,,650,113,40,279,125,9,18,39,37,77,86,,0.52,75,17,7,7,70,5.28,2.78,4.2,2.61,1.34,17,38,23,132,68,9,4.56,4.18,364,0.15,33,4.71
"Traverse City, Michigan",United States,10,5.43,2.65,0.55,2.47,3.34,0,2.4,1.66,2.34,10,1.51,1.54,,798,158,,714,88,50,212,251,9,0,32,32,79,125,,0.51,88,0,4.69,0,50,2.92,2.13,2.69,2.26,1.41,14,30,17,0,71,6,4.18,4.41,359,0,40,7
"Tacoma, Washington",United States,11,7,2.98,0.71,2.61,3.6,4.9,2.66,0.94,2.4,11,1.65,1.92,,957,151,856,709,91,42,281,98,10,15,45,53,98,95,,0.64,51,0,8,27,128,7,3.24,4.39,3.51,1.52,18,44,21,154,77,7,4.03,4.27,357,0,55,8
"Austin, Texas",United States,11,6,3.63,0.67,2.41,2.64,5.2,2.48,1.22,2.37,10,1.78,1.68,,,152,,773,92,36,285,156,9,18,47,43,70,101,,0.48,42,14,5.71,23,77,4.53,3.05,3.82,3.06,1.57,18,33,20,72,62,9,3.84,4.67,358,0.32,51,5.84
"Dallas, Texas",United States,11,5.9,3.08,0.61,2.21,2.84,6,2.26,1.26,1.99,12,1.45,1.52,,,122,,823,87,40,290,101,9,16,43,45,73,94,,0.51,69,20,5.35,28,89,4.99,2.51,3.39,2.82,1.32,20,33,18,111,57,8,4.23,4.8,365,0.09,37,5.75
"Pittsburgh, Pennsylvania",United States,10,5.9,3.69,0.74,2.36,3.5,4.26,2.2,1.19,2.26,12,1.76,1.19,,784,157,712,507,109,45,281,66,9,14,39,49,73,80,,0.59,86,16,5.37,16,94,4.67,3.22,3.34,2.21,1.8,16,30,18,132,60,7,3.55,3.49,362,0.13,39,6
"Nashville, Tennessee",United States,12,5.81,3.35,0.69,2.14,3.08,4.02,3.11,1.31,1.72,14,1.48,1.7,,,123,,748,69,38,328,69,8,18,37,36,74,101,,0.51,50,13,7,14,116,5.07,2.82,4.26,2.98,1.63,16,37,23,124,77,10,4.29,4.8,360,0.19,42,4.6
"Burlington, Vermont",United States,12,6,3.61,0.85,2.88,7,5.47,3.27,1.62,1.63,15,1.69,2.67,,,100,955,726,50,45,251,84,10,17,34,29,65,83,,0.54,44,17,5.42,0,0,3.34,2.46,5.38,1.67,1.35,15,44,18,114,63,9,3.41,3.82,358,0.08,47,8
"New Orleans, Louisiana",United States,13,6,4,0.88,2.43,3.41,4.95,3.24,1.71,2.26,12,1.52,1.59,,973,141,,795,102,43,281,86,9,20,36,34,74,74,,0.47,46,13,7,11,76,4.72,2.55,3.62,2.9,1.7,15,39,18,149,79,9,4.13,4.06,358,0.13,55,5.25
Grand Rapids,United States,9,5.76,2.77,0.63,2.21,2.65,4.44,2.5,1.08,1.54,10,1.64,1.52,,794,129,904,641,77,31,301,97,9,19,42,40,71,71,,0.53,38,0,8,27,89,7,3.04,6,2.33,2.04,18,38,18,121,67,7,4.38,4.14,357,0.84,40,6
"Charleston, South Carolina",United States,11,6,3.33,0.71,2.42,4.1,6,2.68,1.49,1.8,9,1.35,1.92,,,138,,964,142,38,278,78,8,13,38,30,53,81,,0.48,40,15,6,3.49,85,5.58,2.28,5.46,3.01,1.55,15,30,18,80,49,8,4.27,5.24,356,0,62,4.42
"Santa Fe, New Mexico",United States,11,5.79,4.45,0.83,3.13,3.33,8,2.21,1.31,2.19,11,1.53,1.8,,,138,920,654,49,41,274,132,8,15,39,46,64,85,,0.52,24,37,8,21,128,5.53,2.94,5.38,2.69,1.38,18,36,19,81,60,8,3.9,4.12,360,0.22,47,5.71
"Fort Worth, Texas",United States,9,5.91,3.18,0.6,2.24,2.35,3.87,2.57,1.11,2.1,11,1.37,1.56,,944,197,967,618,102,32,278,94,8,16,39,39,72,78,,0.48,53,11,5.35,7,96,5.81,2.65,3.32,2.36,1.32,14,36,18,123,52,7,4.47,3.77,354,0.59,39,5.25
"Savannah, Georgia",United States,12,5.42,3,0.65,1.93,3.7,4.46,2.35,1.48,1.79,10,1.36,1.26,,968,148,917,710,93,36,340,163,7,14,33,34,72,77,,0.55,57,12,5.82,14,82,5.52,2.48,3.23,2.52,1.53,14,31,14,96,54,7,3.66,3.89,358,0.42,36,4.31
"Shreveport, Louisiana",United States,11,7,3.94,0.88,2.82,2.82,3.3,2.76,2.05,1.88,11,1.54,1.68,,655,142,667,499,103,46,362,57,8,11,39,22,67,70,,0.43,37,12,7,9,86,3.96,2.11,2.98,2.2,1.92,12,34,17,64,60,5.83,4.59,3.53,359,1.11,29,4.62
"Albany, New York",United States,12,7,3.27,0.69,2.31,3.85,4.85,2.34,1.39,1.63,11,1.5,2.02,,919,111,741,595,103,39,299,105,8,21,39,33,69,65,,0.53,52,17,7,15,121,4,2.58,3.88,2.38,1.64,15,38,19,119,65,8,3.53,4.9,360,0.17,47,9
"Allentown, Pennsylvania",United States,8,5.93,3.17,0.78,1.91,5.01,5.71,2.46,1.1,1.18,14,1.16,1.33,,,120,811,688,125,43,509,173,9,10,41,50,83,84,,0.54,88,0,5.85,0,71,4.59,2.82,3.14,2.96,2.06,17,43,19,27,51,5.85,0,4.85,360,0,30,5.83
"Providence, Rhode Island",United States,11,5.64,4.69,0.75,3.53,4.35,7,2.54,1.25,2.21,13,1.56,1.58,,,173,776,566,186,41,295,83,7,13,42,38,70,78,,0.5,58,12,5.37,7,80,5.6,2.47,4.27,1.97,1.68,14,38,20,131,67,8,3.51,4.06,357,0.11,29,8
"Salt Lake City, Utah",United States,10,6,3.42,0.58,2,2.75,5.36,2.57,1.14,2.92,14,1.36,1.56,,,139,931,669,94,31,308,103,11,18,35,22,67,82,,0.54,71,11,5.22,7,54,5.52,3.51,3.83,3.74,1.53,12,33,18,145,67,6,4.9,4.29,365,0.28,26,5.93
"Houston, Texas",United States,11,6,3.3,0.63,2.46,2.41,4.35,2.61,1.18,1.87,13,1.55,1.49,,,135,,743,94,37,291,109,8,19,34,42,70,89,,0.48,47,16,5.07,14,90,5.5,2.76,4.04,3.26,1.44,15,32,19,121,55,10,4.06,4,362,0.28,35,5.5
"Madison, Wisconsin",United States,12,5.98,4.05,0.66,1.56,3.38,4.89,2.51,1.01,1.52,10,1.57,1.84,,,95,,644,50,41,303,87,10,22,43,26,70,88,,0.52,49,25,7,13,143,4.43,2.93,3.74,2.39,1.8,16,31,17,93,47,7,3.17,4.36,355,0.11,38,6
"Ann Arbor, Michigan",United States,11,5.91,3.5,0.61,2.37,2.82,7,3.02,1.46,2.23,12,1.47,1.81,,962,146,,857,100,34,321,139,13,22,38,38,79,104,,0.56,49,0,7,8,103,5.22,2.9,3.4,2.39,1.35,15,30,15,146,53,10,3.9,4.19,359,0,51,5.54
"Tempe, Arizona",United States,12,7,3.78,0.54,2.45,2.91,3.3,2.29,2.67,1.81,10,1.44,1.31,,936,271,731,558,155,36,321,101,8,11,36,31,74,64,,0.48,51,11,4.46,27,91,4.62,2.86,3.15,2.27,1.33,14,31,16,30,41,7,3.56,4.19,361,0.44,30,4.59
"Bozeman, Montana",United States,11,6,2.85,0.73,2.73,3.66,5.47,3.29,1.36,1.65,12,1.81,1.66,,,113,847,628,81,42,375,138,12,18,38,42,81,99,,0.52,32,10,6,14,148,4.91,3.36,5.14,2.56,1.36,18,35,17,92,71,7,3.68,4.02,358,0,46,4.74
"Little Rock, Arkansas",United States,11,7,2.56,0.78,2.07,3.14,4.53,3.17,1.54,1.58,14,1.5,1,,802,156,746,568,120,31,299,70,9,10,40,46,65,86,,0.46,28,15,3.79,17,70,4.34,2.62,3.68,2.04,1.13,12,35,19,101,50,7,3.66,2.94,359,1.09,23,5.25
"Durham, North Carolina",United States,11,5.85,3.98,0.84,2.67,3.98,4.98,2.78,1.96,2.19,13,1.68,1.51,,893,111,991,654,75,35,299,108,8,16,40,42,83,116,,0.5,40,12,5.52,33,121,5.31,2.72,3.35,2.67,1.94,17,30,20,147,51,9,3.57,4.11,360,0.16,41,4.05
"Scottsdale, Arizona",United States,12,5.71,3.24,0.52,2.94,2.58,4.27,2.33,1.21,1.74,11,2.16,2.07,,928,135,900,592,83,32,298,122,7,21,34,30,63,93,,0.48,50,10,4.41,9,67,5.48,2.31,2.54,2.1,1.75,16,36,18,114,59,9,3.56,4.74,359,0.44,36,5.62
"Fresno, California",United States,10,6,2.76,0.78,2.76,2.26,4.59,2.35,1.01,1.89,12,1.66,1.5,,960,127,909,669,79,38,310,78,8,11,33,24,58,90,,0.69,28,16,5.44,29,99,5.11,2.8,4.38,2.49,1.46,16,33,22,123,48,8,3.76,3.79,361,0.68,34,5.67
"Riverside, California",United States,10,6,3.33,0.66,3.41,2.54,4.62,2.1,1.01,2.52,9,1.5,1.95,,,156,876,747,106,42,353,107,10,13,37,37,72,94,,0.66,40,14,5.51,22,71,5.5,2.3,3.13,2.95,1.73,14,32,20,108,47,8,3.78,5.29,370,0.21,24,4.85
"Las Vegas, Nevada",United States,11,6,2.9,0.7,1.97,2.37,4.17,2.25,0.95,2.27,11,1.43,2.13,,841,161,926,599,96,45,296,84,10,15,33,36,63,75,,0.55,49,16,5.15,23,85,4.51,2.75,4.42,2.67,1.13,14,30,18,115,69,9,4.13,3.84,364,0.21,25,6
"Charlotte, North Carolina",United States,9,5.45,3.87,0.65,2.34,2.92,3.94,2.74,1.31,1.85,11,1.45,1.38,,883,115,958,709,74,36,267,96,8,13,30,30,58,71,,0.5,67,17,5.49,17,94,4.59,2.72,4.4,2.25,1.3,15,32,18,119,49,8,3.25,4.05,358,0.1,32,4.41
"Cincinnati, Ohio",United States,10,5.29,2.74,0.5,2.48,2.36,4.33,2.31,1.08,1.76,10,1.2,1.69,,801,110,768,646,85,36,338,78,8,18,34,32,66,80,,0.52,70,13,5.65,14,74,5.68,3.05,3.51,2.99,1.35,14,37,17,107,58,8,3.75,3.93,355,0.09,31,5.19
"Bakersfield, California",United States,11,5.58,3.25,0.79,2.97,2.42,5.49,2.64,1.13,2.05,10,1.74,1.42,,880,209,888,643,111,44,370,94,8,15,38,31,65,73,,0.66,31,18,7,21,83,5.4,2.69,3.93,2.57,1.77,14,40,19,88,58,5.69,3.92,3.91,359,0.19,27,5.71
"Harrisburg, Pennsylvania",United States,11,6,2.45,0.87,2.01,5.08,4.1,3.46,2.72,2.39,11,1.46,1.59,,941,206,648,577,113,50,271,84,8,16,31,31,68,82,,0.61,49,13,7,3.34,105,6,2.66,3,2.26,1.51,13,33,18,160,48,7,3.42,3.07,358,0,37,5.42
"St. Louis, Missouri",United States,11,5.6,3.48,0.74,2.01,3.59,4.26,3.22,1.18,1.73,13,1.39,0.91,,745,166,783,531,91,44,326,89,11,18,40,41,63,89,,0.5,60,12,5.68,10,63,5.53,2.8,4.17,2.88,1.52,15,37,19,141,62,7,4.63,4.04,358,0.16,20,4.73
"Des Moines, Iowa",United States,9,5.74,2.76,0.75,1.73,3.35,5.6,3.07,1.04,1.51,12,1.52,1.15,,745,95,779,521,68,34,292,112,9,13,32,36,64,66,,0.5,43,10,8,11,82,4.49,2.32,3.64,2.35,1.54,14,29,17,128,49,6,3.69,3.75,358,0.82,34,5.49
"Jackson, Mississippi",United States,11,5.93,3.49,0.82,2.56,2.85,3.55,2.57,1.56,1.69,14,1.45,1.37,,799,193,873,609,184,43,259,67,8,9,36,34,76,78,,0.46,37,20,5.52,7,81,4.52,2.27,3,2.18,1.06,17,35,16,70,49,6,4.12,3.43,359,0.46,31,4.59
"Reno, Nevada",United States,12,5.92,3.36,0.79,2.64,3.07,4.77,2.46,1.35,2.02,12,1.38,1.75,,,101,929,616,76,33,321,118,7,10,36,36,62,110,,0.62,47,17,4.84,25,78,3.74,2.16,3.55,2.61,1.47,15,34,18,90,56,6,3.93,3.69,361,0,24,5.75
"Colorado Springs, Colorado",United States,11,6,3.52,0.7,2.75,3.19,5.29,3.07,1.23,1.89,10,1.77,1.67,,,145,847,658,78,41,325,110,9,21,34,36,66,112,,0.54,43,15,5.94,13,84,4.4,2.52,3.23,2.64,1.52,13,32,22,60,48,7,3.76,4.35,358,0.03,33,4.68
"Tampa, Florida",United States,11,6,3.78,0.81,2.86,3.24,4.87,2.74,1.41,1.83,11,1.44,1.84,,956,139,984,700,80,31,314,114,7,13,32,39,65,80,,0.52,51,11,5.76,10,102,4.38,3,3.98,2.69,1.32,14,39,19,98,55,7,3.88,3.41,357,0.13,24,5.49
"Milwaukee, Wisconsin",United States,10,6,3.65,0.68,2.1,3.53,3.22,2.36,0.96,1.83,11,1.37,1.96,,826,139,925,596,83,41,321,74,9,14,35,33,71,91,,0.51,54,15,6,26,86,5.42,2.68,3.72,2.51,1.38,13,26,15,90,42,7,4.01,3.66,358,0.09,26,6
"Cleveland, Ohio",United States,11,5.74,3.17,0.61,1.94,3.12,3.86,2.37,1.31,1.51,13,1.46,1.43,,683,118,722,529,77,37,281,83,9,14,38,34,64,75,,0.51,71,18,5.65,6,84,5.01,2.77,3.63,1.96,1.45,12,32,20,96,53,10,3.31,3.47,357,0.22,26,5.18
"Orlando, Florida",United States,11,5.91,4.35,0.81,2.88,3.71,4.31,2.71,1.46,1.58,10,1.41,1.41,,,140,926,702,95,38,234,87,8,15,37,27,61,63,,0.5,49,15,4.38,11,98,4.96,2.63,3.58,2.44,1.45,14,32,19,126,50,8,3.56,3.33,362,0.13,34,4.99
"Virginia Beach, Virginia",United States,10,6,2.87,0.57,1.99,2.31,4.63,2.61,1.39,1.57,13,1.51,1.67,,965,144,957,650,92,38,271,74,9,17,43,33,68,93,,0.47,38,11,5.69,17,77,4.61,3.04,3.1,2.2,1.57,13,34,17,102,56,8,3.84,4.5,360,0.37,33,4.62
"Wilmington, Delaware",United States,10,5.52,3.26,0.71,3.57,4.15,14,8,1.7,1.91,18,2.07,2.45,,918,166,,787,400,38,293,50,7,19,35,31,66,0,0,0.48,4.38,0,10,0,84,5.65,3.06,5.47,4.19,1.44,17,41,16,0,50,7,4.18,4.52,358,0,31,4.63
"Kansas City, Missouri",United States,11,5.61,3.25,0.75,1.97,4.18,3.44,3.01,1.74,2.09,12,1.54,1.8,,,192,781,554,130,53,285,82,8,18,37,37,81,94,,0.48,38,12,4.81,9,66,4.27,2.87,3.26,2.06,1.33,15,37,19,85,70,7,3.93,4.2,359,0.12,42,4.81
"Asheville, North Carolina",United States,11,5.1,3.91,0.78,3.29,5.29,5.81,3.27,1.89,1.77,10,1.39,2.02,,,137,979,801,117,45,273,265,9,14,36,24,60,84,,0.5,17,0,4.18,5.01,132,5.57,3.14,6,3.26,1.65,21,30,19,38,53,9,3.87,4.56,360,0,28,5.55
"Charlottesville, Virginia",United States,10,5.57,4.7,0.75,2.56,3.25,6,3.19,1.42,2.5,15,1.61,1.52,,,107,873,643,61,38,265,79,8,12,34,54,81,77,,0.49,21,16,4.24,70,106,4.84,3.32,4.52,2.33,1.79,13,36,20,89,54,8,3.76,5.19,359,0,64,4.95
"Fort Collins, Colorado",United States,12,7,3.41,0.58,2.65,4.11,4.29,2.9,1.19,2.08,11,1.71,1.3,,,105,994,751,65,36,330,82,9,22,41,39,65,89,,0.5,22,12,5.65,13,91,4.96,2.71,3.34,2.73,1.5,17,33,17,47,60,7,3.76,4.26,358,0.08,39,4.56
"Tulsa, Oklahoma",United States,10,5.57,3.38,0.78,2.09,2.21,4.01,2.46,1.05,1.59,11,1.23,1.23,,757,196,879,532,121,39,278,101,9,17,35,47,74,92,,0.46,32,18,5.49,7,63,5.25,2.28,2.69,1.85,1.17,15,28,16,85,40,8,3.98,4.59,361,0.65,28,5.12
"Jacksonville, Florida",United States,10,5.52,3.2,0.77,2.4,3.33,3.9,2.39,1.08,1.78,12,1.5,1.35,,996,126,900,724,89,38,313,73,10,18,34,29,66,69,,0.53,42,16,4.9,11,80,4.98,2.52,3.37,2.29,1.45,13,36,19,75,62,7,3.28,3.52,358,0.21,24,5.06
"Raleigh, North Carolina",United States,10,5.86,2.75,0.79,2.42,3.38,6,2.76,1.29,2.58,10,1.39,1.62,,905,106,760,604,76,33,299,130,8,12,37,39,79,95,,0.57,38,13,4.83,8,116,5.08,2.81,3.76,2.67,1.3,16,29,17,162,56,8,4.3,4.5,356,0.23,36,4.7
"Buffalo, New York",United States,9,5.98,3.31,0.55,2.15,4.18,4.43,2.39,1.06,2.01,10,1.64,1.69,,727,159,756,544,99,41,255,85,7,11,31,40,67,83,,0.52,51,16,5.42,8,64,7,2.37,7,2.03,1.27,11,34,19,133,62,8,3.12,3.42,430,0.13,20,9
"Louisville, Kentucky",United States,10,5.55,3.75,0.62,2.28,3.2,5.16,2.74,1.37,2.6,11,1.45,1.38,,713,200,730,509,101,36,267,76,8,12,35,43,65,90,,0.55,45,13,6,14,89,5.16,2.44,2.98,2.15,1.18,13,32,16,93,63,7,4.13,3.16,355,0.23,38,4.68
"Rochester, New York",United States,9,5.8,2.52,0.52,1.42,3.67,5.32,2.58,1.27,1.49,8,1.2,1.35,,953,121,727,594,67,34,272,80,9,15,31,26,63,71,,0.53,47,15,4.1,7,42,6,3.05,3.98,3.54,1.77,14,26,17,143,49,5.83,3.43,3.52,357,0.47,23,8
"Phoenix, Arizona",United States,11,5.85,2.69,0.52,1.96,2.67,4.65,2.38,1.02,1.97,9,1.49,1.72,,876,151,768,536,99,46,252,77,11,14,36,47,65,81,,0.5,46,12,5.2,13,80,4.86,2.62,3.5,1.99,1.36,12,32,17,113,55,9,4,4.97,361,0.21,24,7
"Springfield, Massachusetts",United States,10,7,3.91,0.77,2.22,5.02,7,0,0,0,10,1.15,1.38,,962,130,680,632,81,50,376,125,4.43,21,0,33,81,84,,0.53,38,0,0,0,75,7,3.68,5.38,0,2.55,23,32,18,0,71,8,3.34,4.76,358,0,35,10
"Lincoln, Nebraska",United States,9,5.94,3.61,0.8,2.09,2.81,4.03,2.97,1.14,1.65,13,1.3,1.28,940,606,134,586,409,83,37,488,76,8,16,36,50,80,91,,0.5,17,10,5.17,12,99,5.18,3.08,4.15,2.67,2.33,13,33,18,47,60,4.78,4.06,3.47,358,0.49,40,4.85
"Columbus, Ohio",United States,11,5.76,3.08,0.55,1.69,2.74,3.74,2.62,1.14,2.03,13,1.45,1.53,,809,168,834,583,101,39,269,92,8,9,38,40,76,88,,0.51,49,12,5.59,12,80,4.54,2.57,3.23,2.97,1,14,33,18,89,54,7,3.8,3.01,361,0.19,40,5.33
"Knoxville, Tennessee",United States,10,5.64,2.9,0.74,1.91,3.18,5.18,2.72,1.49,2.41,13,1.43,1,,707,112,952,700,63,40,279,66,9,13,34,45,63,92,,0.46,41,13,4.82,12,91,4.7,2.36,3.04,2.29,1.17,16,33,18,156,49,5.7,4.78,3.9,362,0.2,37,4.48
"Richmond, Virginia",United States,11,5.5,2.67,0.6,1.93,3.17,3.83,2.68,1.2,1.59,11,1.37,1.29,,774,141,801,560,92,49,291,87,5.82,11,36,31,70,83,,0.51,50,18,4.93,9,80,4.96,2.16,3.21,2.68,1.26,13,28,19,97,55,7,3.38,4.2,361,0.11,32,3.8
"Provo, Utah",United States,9,5.75,2.57,0.56,1.47,2.24,4.18,2.4,0.66,2.64,14,1.11,1.27,938,764,93,732,534,74,32,251,104,11,14,39,21,66,139,,0.52,66,0,9,8,81,5.65,3.32,9,3.5,1.23,14,24,16,33,38,5.43,4.18,4.41,357,0.23,18,6
"Oklahoma City, Oklahoma",United States,11,6,2.96,0.82,2.22,2.99,5.03,2.49,1.53,1.72,18,1.38,1.27,,878,217,848,692,177,48,286,103,9,16,42,37,76,96,,0.48,28,15,5.69,13,83,5.71,2.26,4.27,2.67,1.51,13,33,16,52,49,8,4,3.75,363,0.13,26,4.85
"Albuquerque, New Mexico",United States,11,6,2.7,0.6,2.08,1.91,4.31,2.51,1,2.29,9,1.63,1.4,953,824,115,726,518,71,38,371,112,6,15,39,37,72,75,,0.49,35,14,4.39,18,65,5.08,3.03,3.93,2.39,1.6,13,30,18,95,53,7,3.96,4.26,363,0.41,47,6
"Birmingham, Alabama",United States,10,5.59,2.97,0.77,2.03,3.49,5.15,2.37,1.2,1.89,9,1.41,1.28,,715,165,830,515,109,39,338,113,8,15,36,37,66,77,,0.48,31,10,4.56,15,92,7,2.99,3.86,2.18,1.48,17,31,21,142,70,7,4.04,4.07,361,0.18,36,4.59
"San Antonio, Texas",United States,11,5.93,3.12,0.63,2.09,2.41,4.41,2.23,1.06,2.11,10,1.51,1.25,,998,108,897,618,111,38,301,86,8,14,35,50,74,103,,0.48,29,20,5.59,15,88,4.77,2.97,3.37,2.65,1.13,12,35,17,91,57,8,3.98,3.39,355,0.1,32,5.63
"Wichita, Kansas",United States,10,5.59,2.61,0.6,1.72,2.48,3.56,3.05,1.04,1.73,13,1.35,1.21,958,711,147,780,533,93,40,309,82,7,15,35,27,58,93,,0.48,57,11,5.17,11,62,4.35,2.38,2.8,1.94,0.94,12,31,17,38,50,5.64,3.3,3.11,358,0.36,29,5.29
"Indianapolis, Indiana",United States,9,5.84,3.17,0.5,1.79,2.79,5.1,2.92,1.46,1.92,10,1.65,1.69,967,760,153,729,506,89,41,227,82,9,16,35,25,63,70,,0.53,48,15,7,19,65,5.2,1.92,3.65,2.62,0.94,17,33,18,121,57,7,4.1,4.72,361,0.11,27,5.2
"Chattanooga, Tennessee",United States,11,6,2.46,0.78,1.91,2.93,3.53,2.49,1.39,1.84,13,1.42,1.28,,728,144,,546,89,34,284,84,8,11,34,35,71,84,,0.47,36,0,4.84,9,69,4.18,2.3,3.24,2.42,1.42,13,25,18,70,40,5.32,3.46,3,360,0.3,35,4.39
"Spokane, Washington",United States,10,5.5,3.55,0.57,2.33,4.3,4.35,3.21,0.83,2.34,11,1.55,1.88,,820,87,685,514,71,40,215,81,9,11,34,30,55,74,,0.58,37,16,5.81,14,119,8,2.1,3.81,2.78,1.3,14,33,19,110,43,5.97,3.35,3.76,358,0.08,34,7
"Memphis, Tennessee",United States,13,6,2.83,0.76,1.79,3.14,5.42,2.61,1.6,1.41,11,1.47,1.35,,753,100,755,521,78,39,286,107,8,15,36,29,59,82,,0.47,41,11,6,7,93,4.81,2.39,3.78,2.81,1.33,13,33,17,99,53,7,4.34,3.93,357,0.09,38,4.06
"Greensboro, North Carolina",United States,9,5.22,3.8,0.81,2.29,2.96,4.1,2.64,1.33,1.99,13,1.53,1.44,,795,163,880,575,159,41,268,72,8,13,29,37,66,78,,0.51,37,9,4.44,12,81,4.59,3.14,3.42,2.2,1.84,13,29,17,75,49,7,3.72,3.55,361,0.08,27,4.31
"Gainesville, Florida",United States,10,6,4.24,0.78,2.68,4.23,5.94,2.72,1.38,2.31,11,1.69,1.95,,788,148,774,578,101,46,301,81,8,16,36,27,62,83,,0.49,26,11,5.37,13,58,5.52,2.98,3.78,3.47,1.53,12,27,18,49,47,6,3.14,4.31,358,0.12,33,4.29
"Toledo, Ohio",United States,10,5.6,2.49,0.45,1.65,2.64,3.57,2.39,1,2.26,14,1.39,1.54,962,545,141,647,366,85,39,263,77,9,11,34,27,78,59,,0.5,39,12,6,8,85,4.72,2.36,2.51,2.19,1.21,13,31,18,86,54,6,3.73,2.78,358,0.39,32,5.49
"Akron, Ohio",United States,10,5.22,3.68,0.67,1.82,2.85,4.86,2.49,1.13,2.09,12,1.53,1.47,934,669,131,739,470,83,29,290,68,7,12,32,30,57,78,,0.47,35,10,5.19,9,55,5.69,2.51,3.77,2.7,1.45,13,26,17,116,53,6,3.42,4.09,360,0.47,37,4.95
"Arlington, Texas",United States,9,5.59,2.89,0.51,2.12,3,3.56,3.08,0.97,2.55,10,1.58,1.68,,736,124,664,494,63,30,317,99,7,17,30,27,67,79,,0.49,45,0,4.82,28,84,6,2.63,3.4,2.13,1.12,12,25,18,111,35,5.73,3.21,3.54,357,0.15,38,5.1
"Flint, Michigan",United States,11,5.81,2.77,0.64,2.52,2.62,3.48,2.26,1.2,2.12,10,1.42,1.08,808,623,202,559,348,118,33,297,82,8,11,30,24,49,63,,0.55,57,15,6,14,35,5.78,1.88,2.83,1.15,0.92,7,28,19,145,50,5.79,3.44,2.1,361,0.35,36,5.32
"Huntsville, Alabama",United States,10,5.66,3.15,0.6,1.75,3.85,4.64,2.81,2.38,1.43,10,1.46,1.39,,656,102,749,545,79,41,272,88,7,20,34,25,58,83,,0.41,30,16,4.51,16,75,4.48,2.51,2.69,3.17,1.61,15,33,16,63,59,7,3.76,3.76,360,0.22,30,4.48
"Iowa City, Iowa",United States,9,5.71,3.06,0.64,1.98,3.41,6,2.52,1.09,2.13,9,1.5,1.57,,794,96,798,569,116,36,381,68,9,16,52,28,67,79,,0.52,29,13,5.68,25,78,5.56,2.17,3.13,2.71,1.36,15,26,15,84,60,5.64,3.06,3.38,357,0,33,5.64
"Greenville, South Carolina",United States,9,5.24,3.03,0.67,2.52,3.27,3.72,2.43,1.42,1.64,11,1.33,1.26,,698,100,769,529,84,42,225,110,8,10,39,36,63,81,,0.46,33,18,3.93,13,75,4.59,2.53,4.8,3.2,1.63,14,34,18,134,49,7,3.7,3.82,355,0.07,32,4.77
"Detroit, Michigan",United States,9,5.44,3.04,0.64,2.08,2.66,6,2.38,0.97,2.23,12,1.39,1.45,,791,173,863,481,93,30,240,78,5.75,11,27,35,62,65,,0.49,32,13,6,10,66,5.52,2.29,2.68,2.38,0.93,11,28,16,70,56,7,3.22,3.24,357,0.16,22,6
"El Paso, Texas",United States,10,5.67,2.92,0.61,2.19,1.91,3.7,2.15,1.05,1.64,12,1.8,1.88,934,713,175,677,479,113,32,319,80,7,8,34,28,58,61,,0.48,33,13,6,17,74,5.57,1.98,3.24,2.62,1.44,9,29,17,97,44,7,4.06,3.48,362,0.37,17,4.88
"Springfield, Illinois",United States,9,6,1.91,0.41,1.61,2.67,2.98,2.45,1.29,1.18,12,1.5,1.18,861,717,135,708,737,124,59,244,89,12,14,47,37,83,89,,0.49,29,14,3.55,0,71,5.01,1.99,3.76,4.59,0.53,4.18,33,19,92,46,14,3.97,3.09,360,0,40,5.01
"Boise, Idaho",United States,10,5.73,2.48,0.64,2.16,3.08,4.58,2.73,0.91,1.36,11,1.42,1.65,,875,146,745,626,83,37,316,99,5.82,13,34,32,68,87,,0.52,29,13,5.63,13,85,5.63,2.45,3.9,2.95,1.45,14,31,17,74,43,7,3.34,3.78,358,0.11,24,4.23
"Omaha, Nebraska",United States,8,5.2,2.78,0.61,2,2.77,4.61,2.59,0.96,1.64,10,1.46,1.44,809,919,147,666,523,79,31,271,85,9,16,37,35,74,83,,0.51,45,13,5.2,6,78,4.87,2.63,4.04,3.16,1.3,14,31,16,87,38,6,3.55,3.38,361,0.09,28,4.59
"Tucson, Arizona",United States,10,6,2.4,0.51,2,2.36,4.1,2.4,1.04,1.97,10,1.36,1.07,943,695,144,680,439,65,47,285,80,9,14,36,39,70,86,,0.47,34,15,6,15,93,5.21,2.85,3.17,2.31,1.61,13,27,15,79,44,7,4.12,4.04,357,0.08,24,6
"Lawrence, Kansas",United States,11,6,2.65,0.63,1.69,3.43,4.3,2.15,0.98,2.13,11,1.37,1.42,891,753,156,660,548,158,43,281,81,5.48,19,37,40,70,78,,0.52,30,0,4.18,13,51,1.67,2.24,3.14,2.23,0.88,13,29,16,28,38,7,3.34,3.75,360,0,39,6
"Cedar Rapids, Iowa",United States,9,5.88,2.78,0.63,1.86,3.11,4.61,2.58,1.18,1.61,12,1.63,1.81,,727,184,705,485,111,33,370,117,9,11,33,32,81,66,,0.53,26,13,4.39,12,72,3.69,2.47,3.51,3.34,2.04,14,29,18,56,46,5.53,3.38,3.38,356,0,38,5.62
"Fort Wayne, Indiana",United States,9,5.57,2.32,0.65,1.58,2.24,3.72,2.65,1.2,1.9,11,1.47,1.31,803,637,164,619,416,111,37,255,94,7,11,41,26,66,76,,0.5,35,10,4.82,20,69,4.31,2.37,3.02,1.94,1.03,13,32,17,103,40,6,3.88,3.56,360,0.28,36,5.02
"McAllen, Texas",United States,8,5.53,2.32,0.62,2.09,1.73,3.55,2.21,1.31,1.5,10,1.53,1.45,835,654,215,674,447,110,39,268,78,5.84,11,36,38,67,60,,0.45,32,19,4.87,16,56,3.42,2.06,3.37,1.82,1.43,10,31,17,22,39,7,4.43,2.81,358,0.25,28,5.43
"Lexington, Kentucky",United States,9,5.58,2.68,0.56,2.35,3.02,3.97,2.28,1.23,1.76,14,1.37,1.19,830,630,214,593,419,105,40,227,60,7,12,27,29,68,72,,0.49,25,13,4.21,17,60,5.07,2.45,3.07,2.25,1.51,13,28,16,71,52,8,3.92,3.88,360,0.24,30,4.35
"Augusta, Georgia",United States,8,5.01,2.52,0.64,1.58,2.95,2.76,1.84,1.31,1.18,13,1.16,1.25,,637,106,843,674,63,32,155,84,4.66,13,33,35,84,61,,0.48,25,0,0,0,167,4.17,2.49,1.79,1.49,0.79,13,21,21,29,50,0,0,0,357,0,17,4.83
"Kodiak, Alaska",United States,8,7,1.83,0.77,2.51,1.84,2.76,1.23,0,0,8,1.66,0.84,,764,255,759,632,126,42,166,63,11,9,21,42,84,50,,0.57,29,18,4.18,0,0,4.18,2.49,3.59,0,0,10,25,19,63,50,4.18,3.88,2.21,0,0,42,7
"Cedar Falls, Iowa",United States,8,5.15,2.99,0.67,1.54,2.79,5.03,2.76,1.15,0,9,1.32,1.76,705,669,166,571,432,77,36,337,100,12,12,32,43,64,77,,0.49,23,6,4.42,5.01,87,5.29,1.37,4.48,1.73,1.32,8,29,17,27,41,5.01,1.67,1.77,358,0.07,26,5.89
Paysandú,Uruguay,10,9,4,1,1.75,1.72,4.09,2.21,1.34,1.36,4.67,2.28,1.06,434,234,47,389,150,28,29,594,131,26,11,47,47,70,66,,1.14,0,0,0,0,0,0,2.19,0,2.5,3.63,7,24,9,13,33,6,4.09,2.92,0,0,12,2.84
Haiphong,Vietnam,5.52,5.52,1.24,1.29,1.21,0.92,5.15,1.29,1.29,0.74,11,0.92,0.83,368,0,74,0,0,0,7,294,55,0,5.52,46,13,64,70,0,0.74,0,0,0,0,0,1.47,1.38,2.21,0.74,0,2.58,7,5.15,0,22,4.42,2.21,1.1,368,0.07,18,1.1
Huế,Vietnam,1.1,0,0,0,0,0,0,0,0,0.55,0,0.44,0,221,147,0,147,129,0,0,0,0,0,0,0,0,0,0,0,0,0,0,0,0,0,0,0,0,0,0,0,0,0,0,0,0,0,0,0,0,0,0
Phan Thiết,Vietnam,0,2.94,0,0.81,0,0,0,0,0,0.29,0,0,0,0,0,0,0,0,0,0,0,0,0,0,0,0,0,0,0,0,0,0,2.94,0,0,0,0,0,0.52,0,0,0,0,0,0,0,0,1.1,0,0,0,0
Vũng Tàu,Vietnam,3.51,2.76,1.31,1.47,1.88,0.86,4.42,4.42,1,0.51,11,1.05,1.3,345,351,66,248,925,28,6,589,140,4.12,1.66,27,14,42,12,,0.74,9,0,2.21,2.21,11,2.68,1.25,1.77,0.78,0.86,1.66,8,1.84,0,20,2.32,1.47,0.78,0,0.18,10,1.39
Zvishavane District,Zimbabwe,2.51,2.51,2.51,1.08,2,0.92,5.35,1.42,0.84,1.25,5.01,1.88,0.28,0,0,33,418,209,42,58,501,251,5.85,0,33,0,0,0,0,1.17,0,0,0,0,0,0,0,0,0,0,0,0,0,0,0,0,0,0,0,0,17,0
